x,y
293.285452157801,-464.08203125
293.285452157801,-462.0894437098188
293.1580972316197,-460.1020135287951
292.9969779902509,-458.11595066590627
292.7173017074073,-456.1474391973657
292.29608090390843,-454.1998822302951
291.8748601004096,-452.2523252632245
291.45363929691075,-450.3047682961539
290.988097985819,-448.3681267689139
290.456696933301,-446.447705454028
289.925295880783,-444.52728413914207
289.39389482826493,-442.60686282425615
288.86249377574694,-440.68644150937024
288.3240256687521,-438.76799624351713
287.78228114215057,-436.85046711122664
287.240536615549,-434.93293797893614
286.69879208894747,-433.01540884664564
286.1700302779991,-431.0942965636897
285.6515499234916,-429.17034666120384
285.1330695689841,-427.24639675871805
284.62272334195944,-425.3203324491478
284.138645626801,-423.38743983159964
283.6545679116425,-421.4545472140514
283.1963918644582,-419.5159681597449
282.82628430932823,-417.5580546011522
282.4561767541983,-415.60014104255947
282.08606919906833,-413.6422274839668
281.85273132453483,-411.66487460259407
281.6626387056733,-409.68137519459316
281.4725460868118,-407.6978757865923
281.28245346795035,-405.71437637859145
281.09236084908883,-403.73087697059054
281.0120525122668,-401.74007321667614
280.9376940089094,-399.7488735987915
280.863335505552,-397.7576739809069
280.7889770021946,-395.7664743630222
280.71461849883724,-393.7752747451376
280.67604687621883,-391.7838296206492
280.7230794505743,-389.7917972307933
280.7701120249297,-387.7997648409374
280.81714459928514,-385.80773245108156
280.8641771736406,-383.8157000612257
280.91120974799605,-381.8236676713698
281.2999099879211,-379.873319266252
281.7331904320895,-377.9284097151451
282.16647087625785,-375.9835001640382
282.59975132042615,-374.0385906129314
283.1406311864756,-372.13520106395174
284.1261143864961,-370.4033731372331
285.11159758651667,-368.67154521051435
286.0970807865372,-366.9397172837957
287.0825639865578,-365.207889357077
288.22363963785415,-363.58139067437173
289.4654377661026,-362.0230766771413
290.707235894351,-360.46476267991096
291.94903402259945,-358.90644868268055
293.1908321508478,-357.3481346854502
294.6079268240334,-355.9514431614542
296.0604830083143,-354.58744696028907
297.5130391925951,-353.223450759124
298.96559537687597,-351.8594545579588
300.4588577392534,-350.5466022699719
302.1139989790579,-349.4371372720636
303.76914021886245,-348.3276722741552
305.42428145866694,-347.2182072762468
307.07942269847143,-346.1087422783384
308.8882386531115,-345.27506760047527
310.70256860497545,-344.45128854571914
312.51689855683935,-343.627509490963
314.3434063061376,-342.8382687611879
316.27318438296504,-342.34192041629126
318.2029624597925,-341.84557207139466
320.1327405366199,-341.34922372649805
322.0853918515687,-340.97881667095265
324.0664617017442,-340.76488361130214
326.0475315519196,-340.5509505516517
328.028601402095,-340.33701749200117
330.0173003502916,-340.2332784593953
332.0089505421081,-340.17216693247366
334.0006007339246,-340.11105540555195
335.99225092574113,-340.0499438786303
337.98407241055895,-340.0
339.9766599507402,-340.0
341.9692474909215,-340.0
343.9618350311026,-340.0
345.9544225712839,-340.0
347.9470101114651,-340.0
349.9395976516463,-340.0
351.9321825036038,-339.99762708306736
353.9247649291744,-339.9931123745578
355.9173473547449,-339.98859766604835
357.90992978031545,-339.9840829575389
359.90251220588596,-339.9795682490294
361.89509463145646,-339.9750535405199
363.887677057027,-339.97053883201045
365.8802594825975,-339.966024123501
367.872841908168,-339.9615094149915
369.86421582047495,-339.8959751118787
371.8554144340121,-339.8215897186016
373.84661304754934,-339.74720432532456
375.8378116610865,-339.67281893204745
377.8290102746237,-339.59843353877034
379.8202088881609,-339.5240481454932
381.8114075016981,-339.44966275221617
383.8026061152353,-339.37527735893906
385.7938047287725,-339.30089196566195
387.7850033423097,-339.22650657238484
389.7709168010448,-339.0648418396517
391.7565417572011,-338.8984127593366
393.74216671335745,-338.73198367902154
395.7277916695138,-338.5655545987065
397.71341662567016,-338.39912551839143
399.6990415818265,-338.23269643807635
401.6846665379829,-338.0662673577613
403.67029149413924,-337.89983827744624
405.6559164502956,-337.73340919713115
407.64154140645195,-337.5669801168161
409.6251736138148,-337.38202795674596
411.60076152053205,-337.122302085647
413.5763494272493,-336.8625762145481
415.5519373339665,-336.6028503434491
417.5275252406837,-336.3431244723502
419.50311314740094,-336.08339860125125
421.4787010541182,-335.82367273015234
423.4542889608354,-335.5639468590534
425.4298768675526,-335.30422098795447
427.40546477426983,-335.0444951168555
429.36827407732534,-334.7052137739535
431.32582241256057,-334.3331793393872
433.2833707477958,-333.9611449048208
435.24091908303103,-333.5891104702544
437.1984674182664,-333.217076035688
439.1560157535016,-332.8450416011217
441.11356408873684,-332.4730071665553
443.0711124239721,-332.1009727319889
445.0157474047743,-331.66978113309494
446.95026077023556,-331.19222156179836
448.8847741356969,-330.7146619905018
450.81928750115816,-330.23710241920514
452.75380086661954,-329.75954284790856
454.6883142320808,-329.281983276612
456.589744462475,-328.69377457719895
458.46890373457796,-328.03107891903085
460.34806300668095,-327.3683832608627
462.20844086118916,-326.65824247824025
464.03203598329026,-325.85518212189436
463.91378953977505,-325.26628599819225
461.9590155940798,-324.8799390989984
460.0042416483846,-324.49359219980465
458.01555608459086,-324.5281911886047
456.02414426051166,-324.596631324513
454.0327324364325,-324.6650714604213
452.0413206123534,-324.7335115963296
450.04990878827425,-324.80195173223785
448.0584969641951,-324.87039186814616
446.0670851401159,-324.93883200405446
444.07936374167986,-325.05480604967
442.1012516225155,-325.29455080832076
440.1231395033511,-325.53429556697154
438.1450273841868,-325.7740403256223
436.1669152650224,-326.0137850842731
434.18880314585806,-326.25352984292385
432.2106910266937,-326.49327460157457
430.23257890752933,-326.73301936022534
428.254466788365,-326.9727641188761
426.2763546692006,-327.2125088775269
424.2982425500362,-327.45225363617766
422.32361163961497,-327.7150140244598
420.3630822411501,-328.07100501176205
418.4025528426853,-328.4269959990644
416.4420234442204,-328.7829869863667
414.48149404575554,-329.13897797366906
412.52096464729067,-329.49496896097133
410.56043524882585,-329.85095994827367
408.5999058503609,-330.206950935576
406.6393764518961,-330.56294192287834
404.6788470534313,-330.9189329101807
402.7183176549664,-331.27492389748295
400.75797800633194,-331.6319558482027
398.7979355285249,-331.99061807157926
396.8378930507178,-332.3492802949558
394.8778505729108,-332.70794251833235
392.9178080951037,-333.06660474170894
390.9577656172966,-333.4252669650855
388.9977231394896,-333.783929188462
387.03768066168254,-334.14259141183857
385.0776381838755,-334.5012536352151
383.1174675828398,-334.8591474501339
381.1470918826524,-335.1558370276324
379.17671618246493,-335.4525266051309
377.2063404822774,-335.7492161826294
375.23596478209,-336.04590576012794
373.2655890819026,-336.34259533762645
371.29521338171514,-336.63928491512496
369.3248376815277,-336.9359744926235
367.3544619813402,-337.232664070122
365.3806017561348,-337.5011859165022
363.3973250317237,-337.69358794272506
361.4140483073126,-337.8859899689479
359.4307715829015,-338.07839199517076
357.4474948584904,-338.2707940213936
355.4642181340794,-338.46319604761646
353.47832689974393,-338.6022372462669
351.4857408079792,-338.60463978481164
349.4931547162146,-338.6070423233564
347.5189280957746,-338.56706102411636
346.1577210072146,-337.11189080474696
344.7965139186546,-335.6567205853776
344.02441864759885,-333.9939372989574
344.17251934891715,-332.00686123409366
344.32062005023545,-330.0197851692299
344.46872075155375,-328.0327091043661
344.61682145287205,-326.0456330395024
344.9091043023182,-324.09272067803226
345.6683589665542,-322.250456456993
346.4276136307902,-320.4081922359537
347.18686829502616,-318.5659280149145
347.94612295926214,-316.72366379387523
348.70537762349807,-314.881399572836
349.4646322877341,-313.03913535179674
350.37727264684025,-311.27130651649077
351.3546801765757,-309.5349080523985
352.33208770631114,-307.7985095883062
353.3094952360466,-306.062111124214
354.286902765782,-304.3257126601218
355.26092043701334,-302.58742792250564
356.2212309738195,-300.8415159034782
357.18154151062566,-299.09560388445067
358.1418520474318,-297.3496918654232
359.06760245769243,-295.5862780117796
359.90669756065785,-293.7789804398604
360.2367391251112,-292.2787372499202
358.24670297479224,-292.1779343446598
356.25666682447326,-292.07713143939935
354.2777498355979,-292.0608538423705
352.38148683195163,-292.6728928331938
350.48522382830544,-293.2849318240172
348.58896082465924,-293.89697081484053
346.72687706634326,-294.6017790809513
344.88680405303074,-295.3663288902929
343.04673103971817,-296.1308786996344
341.1972786334324,-296.87217404225146
339.34167839318417,-297.59822696985105
337.4503931973935,-298.1993000418496
335.49118163364744,-298.56247376580137
333.50901253798975,-298.671937107955
331.51643283149116,-298.6663497529635
329.5238531249927,-298.66076239797206
327.5471458204903,-298.42316516786366
325.5723699804389,-298.1573353598382
323.59759414038757,-297.8915055518127
321.6228183003361,-297.62567574378727
319.6480424602848,-297.35984593576177
317.67326662023345,-297.0940161277363
315.7090532042862,-296.75929028691115
313.74533847610616,-296.42131163135116
311.78162374792606,-296.0833329757911
309.81790901974597,-295.7453543202311
307.854194291566,-295.40737566467106
305.8904795633859,-295.069397009111
303.9267648352059,-294.731418353551
301.96305010702577,-294.39343969799097
299.9993353788457,-294.0554610424309
298.0356206506657,-293.7174823868709
296.0619934984451,-293.4439023512941
294.0875376330512,-293.17570626463845
292.1130817676575,-292.9075101779828
290.13862590226364,-292.6393140913271
288.1641700368698,-292.3711180046714
286.18971417147606,-292.10292191801574
284.2152583060822,-291.83472583136006
282.2408024406884,-291.5665297447044
280.26634657529456,-291.2983336580487
278.2918907099007,-291.030137571393
276.317434844507,-290.76194148473735
274.3429789791131,-290.49374539808167
272.37075738276934,-290.20999685427125
270.40065215835205,-289.91151651989526
268.43054693393475,-289.6130361855192
266.4604417095175,-289.3145558511432
264.4903364851002,-289.01607551676716
262.5202312606829,-288.71759518239116
260.5501260362657,-288.4191148480151
258.5800208118484,-288.1206345136391
256.6099155874311,-287.82215417926307
254.63981036301388,-287.52367384488707
252.66970513859656,-287.225193510511
250.71259695428114,-286.85309908004507
248.7593925513101,-286.45889397416727
246.80618814833906,-286.06468886828947
244.8529837453681,-285.6704837624117
242.89977934239707,-285.2762786565339
240.94657493942614,-284.8820735506562
238.99337053645507,-284.48786844477837
237.0498627399816,-284.0517025365516
235.12173503767332,-283.54898127295064
233.19360733536493,-283.0462600093496
231.26547963305654,-282.5435387457486
229.33735193074827,-282.04081748214765
227.4419368641437,-281.44513376367087
225.62388226304313,-280.62960781515505
223.80582766194266,-279.8140818666393
222.23289780486093,-278.7665484348112
221.5184916525825,-276.9064331279359
221.61353410523373,-275.23062782038403
223.06284881294894,-273.8631878826588
224.51216352066407,-272.49574794493367
225.96147822837932,-271.12830800720843
227.41079293609445,-269.7608680694833
228.86010764380967,-268.39342813175807
230.30942235152492,-267.0259881940329
231.75873705924005,-265.6585482563077
233.20805176695526,-264.29110831858253
234.7598489068366,-263.04635294422053
236.3634395932599,-261.86360106165955
237.9670302796833,-260.68084917909846
239.5706209661067,-259.4980972965374
241.17421165253,-258.3153454139764
242.7778023389534,-257.13259353141535
244.3813930253767,-255.94984164885432
245.98498371180008,-254.76708976629325
247.5885743982235,-253.5843378837322
249.1921650846468,-252.40158600117118
250.7957557710702,-251.2188341186101
252.3993464574935,-250.0360822360491
254.00293714391688,-248.85333035348802
255.60652783034027,-247.67057847092696
257.2101185167636,-246.48782658836595
258.813709203187,-245.30507470580488
260.4172998896104,-244.1223228232438
262.02089057603365,-242.9395709406828
263.6244812624571,-241.75681905812172
265.2280719488805,-240.57406717556066
266.83166263530376,-239.39131529299965
268.43525332172715,-238.2085634104386
270.0480756574338,-237.03855870022593
271.6720110151817,-235.8838989844907
273.2959463729296,-234.72923926875546
274.91988173067745,-233.5745795530203
276.5438170884253,-232.41991983728505
278.16775244617315,-231.2652601215499
279.79168780392104,-230.11060040581464
281.415623161669,-228.95594069007942
283.0395585194168,-227.80128097434425
284.6634938771647,-226.646621258609
286.2874292349126,-225.49196154287375
287.91136459266045,-224.3373018271386
289.53529995040833,-223.18264211140334
291.15923530815627,-222.02798239566812
292.78317066590404,-220.87332267993295
294.407106023652,-219.7186629641977
296.0310413813998,-218.56400324846254
297.6549767391477,-217.4093435327273
299.2789120968956,-216.25468381699204
300.90284745464345,-215.10002410125688
302.52678281239133,-213.94536438552166
304.15071817013916,-212.79070466978646
305.7746535278871,-211.63604495405124
307.398588885635,-210.481385238316
309.0225242433828,-209.32672552258083
310.6464596011307,-208.17206580684558
312.2703949588786,-207.01740609111036
313.89758808808915,-205.86738213864803
315.5341713697698,-204.73072024194826
317.1707546514504,-203.5940583452485
318.80733793313095,-202.4573964485488
320.44392121481155,-201.32073455184903
322.0805044964921,-200.18407265514932
323.7170877781727,-199.04741075844956
325.3536710598533,-197.9107488617498
326.99025434153384,-196.7740869650501
328.62683762321444,-195.63742506835032
330.263420904895,-194.50076317165062
331.9000041865756,-193.36410127495085
333.53658746825624,-192.2274393782511
335.17317074993673,-191.09077748155138
336.8097540316174,-189.9541155848516
338.446337313298,-188.81745368815183
340.08292059497853,-187.68079179145212
341.71950387665913,-186.54412989475236
343.3824388026597,-185.446879720943
345.0582065893717,-184.36882247278615
346.73397437608384,-183.29076522462924
348.40974216279585,-182.2127079764724
350.0855099495079,-181.13465072831548
351.76127773622005,-180.05659348015857
353.437045522932,-178.97853623200172
355.11281330964414,-177.9004789838448
356.78858109635615,-176.82242173568795
358.4643488830682,-175.74436448753102
360.1533772380073,-174.68728588332402
361.84613321524006,-173.63610449706005
363.53888919247294,-172.58492311079598
365.2316451697058,-171.53374172453195
366.9244011469386,-170.48256033826794
368.61715712417146,-169.4313789520039
370.30991310140433,-168.38019756573985
371.9970041829935,-167.32005582904011
373.67258763230524,-166.24171209456662
374.926225433293,-165.38624520069524
373.0909981012057,-166.16235456466742
371.2557707691183,-166.93846392863964
369.42054343703114,-167.7145732926118
367.59336473351476,-168.50906729086313
365.7782232962358,-169.33105674819097
363.9630818589568,-170.15304620551888
362.1479404216778,-170.97503566284678
360.33279898439883,-171.79702512017462
358.51765754711977,-172.61901457750253
356.70251610984076,-173.44100403483043
354.8873746725618,-174.2629934921583
353.0722332352828,-175.0849829494862
351.24318830946413,-175.8753739551539
349.4108555658206,-176.6582927388453
347.5785228221769,-177.44121152253672
345.74619007853335,-178.22413030622812
343.9138573348897,-179.00704908991958
342.081524591246,-179.789967873611
340.24919184760245,-180.5728866573024
338.41685910395876,-181.35580544099386
336.57564014670123,-182.11443384017485
334.6706516768219,-182.69874885359857
332.7656632069425,-183.2830638670223
330.8606747370633,-183.86737888044598
328.9556862671839,-184.4516938938697
327.0506977973046,-185.03600890729342
325.14347310250645,-185.61013149885483
323.1688385320886,-185.87700865897978
321.1942039616708,-186.1438858191047
319.21956939125306,-186.41076297922964
317.24493482083517,-186.67764013935457
315.28157801261045,-186.4451408916213
313.3210046313665,-186.08939221341814
311.9242771199964,-185.36553505674792
312.3873485338618,-183.4275025567764
312.85041994772723,-181.48947005680478
313.31349136159264,-179.55143755683326
313.7765627754581,-177.61340505686164
314.23963418932357,-175.67537255689
314.702705603189,-173.7373400569185
315.62632115293303,-171.99999555915042
316.73054646447696,-170.3413540769032
317.83477177602083,-168.68271259465604
318.93899708756476,-167.0240711124088
320.0432223991087,-165.36542963016154
321.1474477106525,-163.7067881479144
322.2516730221964,-162.04814666566716
323.3558983337403,-160.38950518342
324.4601236452842,-158.73086370117278
325.56434895682816,-157.07222221892553
326.668574268372,-155.41358073667837
327.77279957991595,-153.75493925443112
328.8770248914598,-152.096297772184
329.98125020300375,-150.43765628993674
331.0854755145477,-148.7790148076895
332.18970082609155,-147.12037332544233
333.2939261376355,-145.4617318431951
334.50865552938455,-143.89423598098352
335.92692768104786,-142.4946256033779
337.3451998327113,-141.09501522577216
338.7634719843747,-139.69540484816645
340.18174413603805,-138.2957944705608
341.60001628770146,-136.89618409295505
343.01828843936477,-135.49657371534943
344.4365605910282,-134.0969633377437
345.8548327426916,-132.69735296013798
347.27310489435496,-131.29774258253232
348.6913770460183,-129.89813220492658
350.1096491976817,-128.49852182732093
351.5279213493451,-127.09891144971522
352.9461935010085,-125.69930107210949
354.3644656526718,-124.29969069450384
355.7827378043352,-122.90008031689811
357.20100995599864,-121.50046993929239
358.619282107662,-120.10085956168675
360.0375542593254,-118.70124918408102
361.45582641098883,-117.30163880647528
362.87409856265214,-115.90202842886964
364.29237071431555,-114.50241805126392
365.7106428659789,-113.10280767365826
367.1289150176423,-111.70319729605254
368.54718716930574,-110.30358691844681
369.96545932096905,-108.90397654084117
371.38373147263246,-107.50436616323545
372.87666977158887,-106.19297208280898
374.4913907770384,-105.0254614062644
376.106111782488,-103.85795072971982
377.7208327879374,-102.69044005317532
379.335553793387,-101.52292937663074
380.9502747988366,-100.35541870008618
382.564995804286,-99.18790802354167
384.17971680973557,-98.02039734699709
385.7944378151851,-96.85288667045252
387.4091588206346,-95.68537599390801
389.02387982608417,-94.51786531736343
390.63860083153367,-93.35035464081892
392.2533218369832,-92.18284396427435
393.86804284243277,-91.01533328772977
395.4827638478822,-89.84782261118526
397.09748485333176,-88.6803119346407
398.71220585878126,-87.51280125809619
400.3269268642308,-86.34529058155161
401.94164786968037,-85.17777990500704
403.55636887512986,-84.01026922846253
405.1710898805794,-82.84275855191795
406.78581088602897,-81.67524787537339
408.4005318914784,-80.50773719882888
410.01525289692796,-79.3402265222843
411.6299739023775,-78.17271584573973
413.244694907827,-77.00520516919522
414.85941591327656,-75.83769449265064
416.47413691872606,-74.67018381610613
418.0888579241756,-73.50267313956157
419.70357892962517,-72.33516246301699
421.3182999350747,-71.16765178647242
423.05438683092757,-70.21331046496361
424.8825306525916,-69.42065967640866
426.7106744742558,-68.62800888785361
428.53881829591984,-67.83535809929865
430.36696211758385,-67.0427073107437
432.1951059392479,-66.25005652218874
434.02324976091217,-65.45740573363369
435.8513935825762,-64.66475494507874
437.6795374042402,-63.872104156523775
439.50768122590443,-63.07945336796873
441.33582504756845,-62.286802579413774
443.1639688692325,-61.494151790858815
444.9921126908967,-60.70150100230377
446.8202565125608,-59.90885021374881
448.6484003342248,-59.116199425193855
450.47654415588903,-58.32354863663881
452.30468797755304,-57.53089784808385
454.13283179921706,-56.738247059528895
455.9609756208813,-55.94559627097385
457.78911944254537,-55.15294548241889
459.6172632642094,-54.360294693863935
461.4454070858736,-53.56764390530889
463.27355090753764,-52.77499311675393
465.10169472920165,-51.982342328198975
466.9298385508657,-51.189691539644016
468.7579823725299,-50.39704075108897
470.586126194194,-49.604389962534015
472.414270015858,-48.811739173979056
474.31182192997073,-48.25149881631773
476.27524321530205,-47.91181961237212
478.2386645006334,-47.57214040842652
480.2020857859649,-47.23246120448087
482.16550707129625,-46.89278200053527
484.1289283566275,-46.55310279658966
486.09234964195906,-46.21342359264402
488.0557709272904,-45.87374438869841
490.0191922126217,-45.534065184752805
491.982613497953,-45.1943859808072
493.9460347832845,-44.854706776861555
495.90945606861584,-44.51502757291595
497.87287735394716,-44.17534836897035
499.8362986392787,-43.8356691650247
501.79971992461,-43.4959899610791
503.7631412099413,-43.15631075713349
505.72656249527284,-42.81663155318785
507.68998378060417,-42.47695234924224
509.6534050659355,-42.13727314529663
511.616826351267,-41.79759394135099
513.5802476365983,-41.45791473740538
515.5563234217693,-41.501804752923995
517.5378638832203,-41.71133399889863
519.5194043446711,-41.92086324487324
521.5009448061218,-42.13039249084785
523.4824852675728,-42.33992173682249
525.4640257290235,-42.5494509827971
527.4455661904743,-42.75898022877171
529.4271066519251,-42.96850947474632
531.4086471133761,-43.178038720720956
533.3901875748268,-43.38756796669557
535.3717280362775,-43.59709721267018
537.3532684977285,-43.806626458644814
539.3348089591793,-44.01615570461943
541.3163494206301,-44.22568495059404
543.2978898820811,-44.43521419656867
545.2794303435318,-44.64474344254329
547.1662739125097,-45.20807453340171
548.9875467062798,-46.01638791072466
550.8088195000495,-46.82470128804753
552.6300922938193,-47.63301466537039
554.4513650875891,-48.44132804269325
556.2726378813592,-49.249641420016204
558.093910675129,-50.057954797339065
559.9151834688988,-50.86626817466193
561.7364562626688,-51.674581551984886
563.5577290564386,-52.48289492930775
565.3790018502084,-53.29120830663061
567.2002746439784,-54.09952168395356
569.0215474377482,-54.90783506127643
570.842820231518,-55.71614843859929
572.664093025288,-56.524461815922244
574.4853658190578,-57.332775193245105
575.9315575633849,-58.69363550177604
577.355047541071,-60.087938692876634
578.7785375187569,-61.48224188397707
580.2020274964428,-62.8765450750775
581.625517474129,-64.27084826617809
583.0490074518149,-65.66515145727853
584.4724974295008,-67.05945464837896
585.8959874071868,-68.4537578394794
587.3194773848728,-69.84806103057998
588.7429673625587,-71.24236422168042
590.1664573402447,-72.63666741278085
591.5899473179308,-74.03097060388144
593.0134372956168,-75.42527379498188
594.4369272733027,-76.81957698608231
595.8604172509888,-78.2138801771829
597.2839072286747,-79.60818336828333
598.7073972063606,-81.00248655938377
600.1308871840467,-82.39678975048436
601.4394255705149,-83.88437596001121
602.5107778918898,-85.56443825313308
603.5821302132647,-87.24450054625493
604.6534825346396,-88.92456283937699
605.7248348560145,-90.60462513249885
606.7961871773892,-92.28468742562072
607.8675394987642,-93.96474971874277
608.9388918201391,-95.64481201186463
610.0102441415139,-97.3248743049865
611.0815964628889,-99.00493659810854
612.1529487842638,-100.6849988912304
613.2243011056386,-102.36506118435227
614.2956534270136,-104.04512347747432
615.3670057483885,-105.72518577059618
616.4383580697632,-107.40524806371805
617.5097103911382,-109.08531035684011
618.581062712513,-110.76537264996196
619.6524150338879,-112.44543494308382
620.7237673552629,-114.12549723620589
621.7951196766377,-115.80555952932775
622.8664719980126,-117.48562182244962
623.9378243193875,-119.16568411557147
625.0091766407623,-120.84574640869353
625.910184558496,-122.61299390242239
626.6463946916733,-124.46458774154915
627.3826048248507,-126.31618158067613
628.118814958028,-128.1677754198029
628.8550250912053,-130.01936925892966
629.5912352243828,-131.87096309805662
630.3274453575601,-133.72255693718338
631.0636554907375,-135.57415077631015
631.7998656239149,-137.4257446154371
632.5360757570922,-139.27733845456387
633.2722858902696,-141.12893229369064
634.0084960234469,-142.9805261328174
634.7447061566243,-144.8321199719444
635.4809162898016,-146.68371381107116
636.2171264229789,-148.53530765019792
636.9533365561564,-150.38690148932488
637.6895466893337,-152.23849532845165
638.4257568225111,-154.0900891675784
639.1619669556885,-155.94168300670538
639.8981770888659,-157.79327684583214
640.6343872220432,-159.6448706849589
641.3705973552205,-161.4964645240859
642.1068074883979,-163.34805836321266
642.8430176215752,-165.19965220233942
643.5792277547527,-167.05124604146638
644.31543788793,-168.90283988059315
645.0516480211073,-170.7544337197199
645.7878581542848,-172.60602755884688
646.4355057236785,-174.48856988179585
647.0127940531238,-176.39569947623124
647.5900823825692,-178.30282907066666
648.1673707120146,-180.20995866510228
648.7446590414601,-182.11708825953767
649.3219473709054,-184.02421785397306
649.8992357003508,-185.9313474484087
650.4765240297962,-187.8384770428441
651.0538123592415,-189.74560663727948
651.631100688687,-191.6527362317151
652.2083890181324,-193.5598658261505
652.7856773475778,-195.4669954205859
653.3629656770232,-197.37412501502152
653.9402540064685,-199.28125460945694
654.517542335914,-201.18838420389233
655.0948306653593,-203.09551379832774
655.6721189948047,-205.00264339276336
656.2494073242501,-206.90977298719875
656.8266956536955,-208.81690258163414
657.403983983141,-210.72403217606978
657.9812723125863,-212.63116177050517
658.5585606420317,-214.53829136494056
659.1358489714771,-216.44542095937618
659.7131373009224,-218.3525505538116
660.2904256303678,-220.25968014824699
660.8677139598133,-222.1668097426826
661.4450022892587,-224.07393933711802
662.022290618704,-225.9810689315534
662.5995789481494,-227.88819852598903
663.1768672775949,-229.79532812042444
663.7541556070402,-231.70245771485983
664.3314439364857,-233.60958730929545
664.908732265931,-235.51671690373087
665.4485039771398,-237.43459641083786
665.968820954854,-239.35805042588152
666.4891379325682,-241.2815044409254
667.0094549102823,-243.20495845596903
667.5297718879965,-245.1284124710127
668.0500888657108,-247.05186648605658
668.570405843425,-248.97532050110024
669.0907228211391,-250.8987745161439
669.6110397988533,-252.82222853118776
670.1313567765675,-254.74568254623142
670.6516737542817,-256.6691365612751
671.171990731996,-258.59259057631897
671.6923077097101,-260.51604459136263
672.2126246874243,-262.43949860640623
672.7329416651385,-264.3629526214499
673.2532586428526,-266.2864066364938
673.7735756205668,-268.20986065153744
674.293892598281,-270.1333146665811
674.8142095759953,-272.056768681625
675.3345265537095,-273.98022269666865
675.8548435314236,-275.9036767117123
676.3751605091379,-277.82713072675614
676.8954774868521,-279.7505847417998
677.4157944645663,-281.67403875684346
677.9361114422804,-283.59749277188735
678.4564284199946,-285.520946786931
678.9767453977088,-287.44440080197467
679.4970623754231,-289.36785481701855
680.0124074654079,-291.29264529540654
680.5265974878209,-293.2177462605863
681.0407875102339,-295.14284722576633
681.5549775326468,-297.0679481909461
682.0691675550598,-298.9930491561259
682.5833575774727,-300.9181501213057
683.0975475998857,-302.8432510864857
683.6117376222987,-304.7683520516655
684.1259276447116,-306.69345301684524
684.6401176671246,-308.6185539820253
685.1543076895375,-310.543654947205
685.6684977119505,-312.46875591238484
686.1826877343635,-314.3938568775648
686.6968777567764,-316.3189578427446
687.2110677791894,-318.2440588079244
687.7252578016024,-320.1691597731044
688.2394478240153,-322.09426073828416
688.7536378464283,-324.01936170346397
689.2678278688412,-325.9444626686438
689.7820178912542,-327.86956363382376
690.3052721300812,-329.7921949639966
690.8386808446511,-331.7120596072739
691.3720895592211,-333.6319242505513
691.9054982737911,-335.55178889382853
692.4389069883609,-337.4716535371058
692.9723157029309,-339.39151818038323
693.5057244175008,-341.3113828236605
694.0391331320708,-343.2312474669377
694.5725418466408,-345.15111211021514
695.1059505612106,-347.0709767534924
695.6393592757806,-348.9908413967696
696.1727679903506,-350.9107060400471
696.7061767049205,-352.8305706833243
697.2395854194905,-354.7504353266016
697.7729941340604,-356.670299969879
698.3064028486303,-358.5901646131563
698.8398115632002,-360.5100292564335
699.412970675775,-362.41821672207334
700.0026726577267,-364.32154451248886
700.5923746396785,-366.2248723029042
701.1820766216302,-368.12820009331955
701.771778603582,-370.0315278837351
702.3614805855337,-371.93485567415047
702.9511825674855,-373.83818346456576
703.5408845494374,-375.74151125498133
704.1305865313891,-377.6448390453967
704.7202885133408,-379.548166835812
705.3956810839439,-381.42041156023566
706.1633711137482,-383.25917666851467
706.9310611435525,-385.0979417767936
707.6987511733569,-386.9367068850726
708.4664412031613,-388.77547199335186
709.4822217185463,-390.4867322165189
710.5304729506271,-392.18130427451064
712.0353311217315,-393.2802823639063
713.694173296175,-393.22164101715566
714.6938152404994,-391.49794699313844
715.6934571848238,-389.774252969121
716.5670513677571,-387.9857010291132
717.3884548302243,-386.17029433717556
718.1576314618861,-384.3331102082874
718.8692802422327,-382.47193823377347
719.5550013782384,-380.60234698231164
720.0725467458543,-378.67814535624814
720.5900921134702,-376.7539437301848
720.7553506957229,-374.76835291343195
720.6236569775325,-372.90896519657497
719.0740333007564,-371.65633932838455
717.5244096239803,-370.4037134601941
715.6923226032953,-369.7769613722611
713.7278148382333,-369.4436231861841
711.7633070731715,-369.11028500010707
709.7987993081097,-368.7769468140301
707.8342915430477,-368.4436086279531
705.8452663236372,-368.33764308803813
703.854855789005,-368.2445248357437
701.8644452543725,-368.15140658344916
699.8740347197404,-368.0582883311547
697.8836241851081,-367.9651700788602
695.8932136504758,-367.87205182656567
693.9011166251609,-367.8335228838158
691.9087538244734,-367.80359671262516
689.916391023786,-367.77367054143446
687.9240282230984,-367.7437443702438
685.9316654224109,-367.7138181990531
683.9393026217235,-367.68389202786244
681.9473717956974,-367.6901871376029
679.9562893559432,-367.7676198399161
677.965206916189,-367.8450525422294
675.9741244764346,-367.9224852445426
673.9830420366803,-367.9999179468558
671.9919595969261,-368.07735064916903
670.0008771571717,-368.15478335148225
668.0291176841464,-368.3959692245544
666.0746987269719,-368.78410791770654
664.1202797697971,-369.1722466108587
662.1658608126224,-369.5603853040108
660.2114418554479,-369.9485239971629
658.2570228982731,-370.3366626903151
656.3026039410986,-370.7248013834672
654.348184983924,-371.11294007661934
652.3937660267494,-371.5010787697715
650.4393470695746,-371.8892174629236
648.5034390769532,-372.35237238451634
646.5928100067422,-372.9179708828788
644.682180936531,-373.4835693812414
642.77155186632,-374.04916787960394
640.8609227961091,-374.6147663779665
638.950293725898,-375.18036487632907
637.0396646556869,-375.74596337469154
635.129035585476,-376.3115618730541
633.2184065152649,-376.87716037141666
631.3077774450538,-377.4427588697792
629.3971483748429,-378.00835736814173
627.4865193046319,-378.5739558665042
625.5817832582396,-379.1586812915289
623.6841364315926,-379.76641612400266
621.7864896049457,-380.3741509564764
619.8888427782986,-380.98188578895025
617.9911959516515,-381.589620621424
616.0935491250046,-382.1973554538978
614.1959022983574,-382.8050902863716
612.2982554717105,-383.4128251188454
610.4006086450635,-384.0205599513191
608.5029618184163,-384.62829478379297
606.6053149917693,-385.2360296162667
604.7087369801345,-385.8470491572609
602.8168234347993,-386.47240365053926
600.9249098894643,-387.0977581438175
599.0329963441294,-387.7231126370957
597.1410827987942,-388.34846713037405
595.2491692534593,-388.97382162365227
593.3572557081243,-389.59917611693055
591.4653421627893,-390.2245306102088
589.5734286174542,-390.8498851034871
587.6815150721192,-391.47523959676533
585.7896015267842,-392.10059409004356
583.9050538130898,-392.7474532317573
582.027038924977,-393.41338504907174
580.1490240368643,-394.07931686638625
578.2710091487512,-394.7452486837008
576.3929942606384,-395.4111805010153
574.5149793725255,-396.0771123183298
572.6369644844125,-396.74304413564437
570.7574643605234,-397.4047098850485
568.8719356138148,-398.0490595188814
566.9864068671062,-398.6934091527143
565.1008781203974,-399.3377587865473
563.2153493736888,-399.9821084203802
561.3172073458337,-400.58724733497144
559.4096320479179,-401.1630611834221
557.5020567500023,-401.7388750318727
555.5873945659336,-402.2881512991781
553.6467186829746,-402.74001656957114
551.7060428000158,-403.1918818399641
549.7606529030916,-403.62296194484907
547.8165770717634,-404.059680381707
545.8802220157868,-404.52971676591426
543.960627697032,-405.061754375856
542.0511860913884,-405.6313488455654
540.2232195874873,-406.4086688196426
538.435701287864,-407.2891138399574
536.6606195997639,-408.19136268748775
534.9928572926443,-409.28176352765433
533.3250949855246,-410.372164367821
531.6721144223665,-411.4842934843229
530.0454430387928,-412.6350955155813
528.4187716552193,-413.78589754683964
526.795817113727,-414.9418888277905
525.1826985515402,-416.11161255996586
523.5695799893534,-417.2813362921411
521.9564614271668,-418.45106002431635
520.3345004473372,-419.60843966789423
518.7079355773694,-420.7593922425349
517.0813707074017,-421.91034481717554
515.4548058374338,-423.06129739181637
513.8202048205651,-424.20044556748945
512.1530509200875,-425.2917763960688
510.48589701961,-426.38310722464814
508.81874311913225,-427.4744380532277
507.1515892186547,-428.565768881807
505.48443531817713,-429.6570997103864
503.8172814176994,-430.74843053896586
502.1246967518557,-431.798717980449
500.4052930957045,-432.80572154176303
498.6858894395532,-433.81272510307724
496.966485783402,-434.8197286643913
495.24708212725085,-435.8267322257053
493.5276784710995,-436.83373578701946
491.80827481494833,-437.8407393483335
490.08887115879713,-438.84774290964754
488.36946750264576,-439.8547464709617
486.59782837558663,-440.76610901439216
484.82127074475306,-441.66846597791175
483.04471311391933,-442.5708229414314
481.26815548308576,-443.473179904951
479.4915978522522,-444.3755368684706
477.71504022141863,-445.2778938319901
475.9384825905849,-446.18025079550983
474.16192495975133,-447.0826077590294
472.3853673289178,-447.98496472254897
470.5979629982804,-448.864753636193
468.7835299400038,-449.68830556674624
466.9690968817272,-450.5118574972995
465.15466382345033,-451.3354094278529
463.34023076517366,-452.15896135840615
461.52579770689704,-452.98251328895947
459.7113646486202,-453.80606521951285
457.89693159034357,-454.6296171500661
456.0824985320669,-455.4531690806194
454.2132482274006,-456.13454191952724
452.3155752297459,-456.74219502719495
450.41790223209136,-457.3498481348626
448.5202292344369,-457.95750124253027
446.62255623678215,-458.565154350198
444.7248832391277,-459.1728074578656
442.82721024147315,-459.78046056553325
440.92953724381846,-460.38811367320096
439.03186424616393,-460.9957667808686
437.1044289341289,-461.48906214056336
435.1512929304846,-461.883605999411
433.1981569268405,-462.27814985825853
431.24502092319636,-462.6726937171061
429.29188491955205,-463.06723757595364
427.33874891590796,-463.46178143480125
425.38561291226387,-463.8563252936488
423.4324769086195,-464.25086915249636
421.4793409049754,-464.6454130113439
419.50422149059295,-464.86519868688345
417.51421957577526,-464.9666752078475
415.5242176609573,-465.0681517288116
413.5342157461396,-465.1696282497756
411.5442138313219,-465.27110477073967
409.55421191650396,-465.37258129170374
407.56421000168626,-465.4740578126678
405.57248601426886,-465.5047693211484
403.57990369182033,-465.50020932644696
401.58732136937203,-465.4956493317455
399.59473904692373,-465.49108933704406
397.60215672447515,-465.48652934234264
395.60957440202685,-465.4819693476412
393.63303378991026,-465.2739663335473
391.6643614447138,-464.96617695338006
389.69568909951704,-464.6583875732127
387.7275295750477,-464.3489180861784
385.9225403527275,-463.50486890953454
384.1175511304071,-462.66081973289056
382.3261368325749,-461.7921560217321
380.64919829269616,-460.7159208063844
378.9722597528172,-459.6396855910366
377.3622018261204,-458.4756870729203
375.8797265027303,-457.14426977514154
374.39767244180257,-455.8123846599164
372.91870689868995,-454.477069705469
371.4215439011926,-453.16361560642673
369.840115025242,-451.95139128081877
368.2092051697434,-450.8102613793564
366.482517458896,-449.8389343910399
364.56831150410306,-449.28556230290974
362.6266846284092,-448.92578125
360.63409708822803,-448.92578125
358.6427712362624,-448.98345925543254
356.66879425881496,-449.1397200193846
354.85798322913104,-449.97120574990555
353.14771797261204,-450.9898307087196
351.4548325798938,-452.04080366384596
349.7499993437168,-453.072225116353
348.0287668129874,-454.074409863187
346.2497646435959,-454.9719377939982
344.46266048205575,-455.85279216736143
342.65765261603144,-456.69680147351613
340.85099593674914,-457.53705685152386
339.0082795903262,-458.2952135450318
337.16556324390325,-459.05337023853974
335.2934416965552,-459.7274925820939
333.3800487340558,-460.2836692413882
331.4666557715566,-460.8398459006826
329.53165341531223,-461.31485972689984
327.5950187948131,-461.7837429234109
325.66398437431076,-462.27509467927337
323.7338337909478,-462.7699924776404
321.7925523966128,-463.2190851704047
319.8467069325451,-463.647187131832
317.8915588654499,-464.0316362715363
315.9100397234643,-464.2319252340693
313.9195837629281,-464.29272972899366
311.9270378241052,-464.30078125
309.93445028392375,-464.30078125
307.94186274374266,-464.30078125
305.94927520356157,-464.30078125
303.9575346715156,-464.27442314791284
301.96905811793846,-464.14649308436503
300.0017329466176,-463.86916227750896
298.05645396784274,-463.4379893265425
296.1569386060101,-462.83612015849377
294.28485395410166,-462.1561848997462
292.4942564989629,-461.71436283263756
291.52530625316217,-463.1480657797238
