frequency_k,real,imag,radius_abs_c,phase_rad
-512,-0.0014796083127066595,0.0002224511987662936,0.0014962370450109866,2.992365653810596
-511,3.704323227893269e-05,0.000607288403869255,0.0006084171320169563,1.5098740504037687
-510,0.0016414895085565817,0.0003353771029139807,0.001675400133657719,0.20153889708673972
-509,0.0002789205974300657,7.62317951640279e-05,0.0002891504561031766,0.2667943757800303
-508,0.0013177185180230921,-0.000740058217171935,0.0015113134213473646,-0.5117213817649111
-507,0.0008979982915373608,0.0002736781651941911,0.0009387761552724258,0.2958223112124134
-506,-0.0005258199890609827,0.0007489931185475918,0.0009151378871665946,2.1828872988150465
-505,-0.0007698219890122093,0.0002758584047521939,0.0008177553144059288,2.797506943891217
-504,0.0006679675497023863,0.0017742382243408628,0.0018958116795102901,1.2107275974158804
-503,-0.00015503758107771048,4.363424003228644e-05,0.00016106085325001492,2.867246370329029
-502,-0.0022278907600481457,-0.002520780797102662,0.0033641987256625367,-2.2945942145096403
-501,-0.0009363690108444844,0.00022285303485604369,0.0009625229345913932,2.9079424230000943
-500,0.0005699180884524147,0.0004973037928721613,0.0007563846177377564,0.7174623845924255
-499,0.00016540623525505838,-0.0006519544826039114,0.0006726097457282235,-1.3223305963982552
-498,0.0006507995069022776,6.334498670867994e-05,0.0006538750534508641,0.09702846048226106
-497,-0.0008992271445580485,0.0006060563240184169,0.001084395557623111,2.5485477088233353
-496,-0.0020895099201901357,-0.001181961995764605,0.002400642802668659,-2.626802401644189
-495,-0.0005016400225271098,-0.0015607734000939733,0.0016394073071210526,-1.881773038603218
-494,-0.0007956021816890729,-9.785799045325394e-05,0.0008015977905433384,-3.0192087067425977
-493,0.001371908819339629,-0.0010835579308023369,0.0017482081106053983,-0.668501339247468
-492,0.0012890887527227113,-0.003919876165891456,0.00412640024335014,-1.253077557412088
-491,-0.0010920811942790598,-0.0003260981555753828,0.0011397286264579146,-2.851418478006896
-490,-0.0006294450352474501,0.00042039100779472927,0.0007569211661938988,2.552753533229174
-489,0.0013208430766329998,-0.001453148045910957,0.001963737680145737,-0.8330568536871479
-488,0.0006649842598955846,-0.0012999322839330786,0.0014601465709716775,-1.0979490916905918
-487,-0.0005206013436597975,-0.0020466071143825787,0.002111782763368849,-1.8198863871912578
-486,0.0008100312039835966,-0.0022189198404680803,0.002362150674671285,-1.2207715775857002
-485,0.002505024441702336,-0.0007838178591293987,0.0026247891133986925,-0.30324768031562616
-484,0.00020209290435585503,-0.0002578596916218978,0.0003276174027037102,-0.906053880529833
-483,0.0013709101289772901,0.0006811636856244602,0.0015308097688302193,0.4611402236658803
-482,0.002922904121632909,-0.0006381768407183463,0.002991761719169476,-0.214963109091169
-481,-0.0010632712560067203,-0.001761130668646478,0.0020572134055312054,-2.1139638810435812
-480,0.00015625928095829023,-0.0005753166459277481,0.0005961595474092114,-1.3055884989437627
-479,0.0030433501326781603,0.0005718509399379179,0.0030966100057288545,0.185736066797337
-478,0.001770799512997412,0.0014855435410886797,0.002311400122804826,0.6980211134833931
-477,0.0005281461176344926,-0.000573526694418694,0.0007796609460420736,-0.8265673153374663
-476,-0.00012040764732657028,-6.0625163844391095e-05,0.00013480879802846323,-2.6751495400595955
-475,-0.00025220288316805256,0.0011103134968061187,0.0011385966605730537,1.7941520907729993
-474,0.0005813754029133783,-0.0009785857694146194,0.001138256327552584,-1.0347281707814897
-473,0.001037789819205867,0.0008216575108978379,0.001323680011959906,0.6696827207150939
-472,0.001299925480499762,0.002677759359983184,0.0029766090513922193,1.1188541484676056
-471,-0.001010053474230388,-0.0011035806630363687,0.0014960275066430659,-2.311973867423008
-470,-0.0017968666737129494,-0.0008279269828664615,0.0019784319376866624,-2.709825587318237
-469,-0.0004653593555711058,0.001314557641562502,0.0013944967274281865,1.9110341891522349
-468,-0.00014131888588362826,0.00010227552342381013,0.00017444572278793276,2.5151229536309296
-467,0.001849294040875027,-0.0004628551339197623,0.0019063376732918454,-0.24524920845571513
-466,-0.0009653398787881351,-0.00043395010182595804,0.0010583920693455005,-2.719128902200158
-465,-0.0029087369316258826,0.0003302388569291284,0.0029274234814987412,3.028543302656654
-464,-0.0004019607371256763,-0.0019611549260704145,0.0020019243437854662,-1.7729577225019197
-463,0.00015690696761016393,-0.0005776914058616966,0.000598621046147795,-1.305584165106192
-462,1.4918002090261173e-05,-0.0009113933982777683,0.0009115154816077805,-1.554429442810516
-461,0.0017827242775472832,-0.002523192274577063,0.0030894344311284314,-0.9556977434226176
-460,0.0001627067160216017,-0.0012193576288783842,0.0012301652338374913,-1.4381435103845819
-459,-0.0012601614130460818,0.0011639155116455469,0.0017154317547426398,2.39587779131888
-458,-0.000559597644213844,-0.0008660417415903704,0.0010311051457473023,-2.1444641695497846
-457,0.0005929534565772736,6.98435454438151e-06,0.000592994589246258,0.011778380720277084
-456,-0.0007540581984238834,-0.0027718624173050845,0.0028725990021370297,-1.8364088228335471
-455,-0.0012834006787730834,-0.003519882413495757,0.0037465570204004536,-1.9204310888384393
-454,0.002405373948559133,-0.0008586770358519,0.0025540458265869777,-0.3428819484081508
-453,0.0013416874125802732,-0.00011570600747871918,0.0013466673654778355,-0.08602632545684136
-452,0.0008632249338323371,0.0002167286527821194,0.0008900160646452374,0.24598412625896945
-451,0.0024101844717893204,-0.00087636311648631,0.0025645665325727002,-0.348746231159083
-450,-0.0003454121114824585,-0.0006311975039775299,0.0007195274948090825,-2.07151268918617
-449,-8.811242145507353e-05,-0.001819088346091114,0.0018212210765580275,-1.6191961796318417
-448,0.002379239129747409,3.847034410965795e-05,0.0023795501263678236,0.016167770427950704
-447,0.002247348485466087,0.0015881430725295936,0.0027518672994805643,0.6151912266227838
-446,0.0009687250418978048,-0.0003384877934128512,0.0010261589511812508,-0.3361542404660916
-445,-2.5367806816366852e-05,-0.0024553701364316673,0.0024555011774591226,-1.581127520410653
-444,-0.0006413022658272177,0.001135720687652008,0.0013042737736057846,2.084829257672364
-443,0.0006607700952726558,-0.0015107393701781265,0.0016489240623548547,-1.1584849943065343
-442,0.0013680435231826701,-0.0005521762892781658,0.0014752768336021066,-0.38362729100934173
-441,0.0028404384503709374,0.0011813721474246107,0.003076317724334775,0.39414783102606793
-440,-0.0003040750202486994,-0.000457173797686547,0.0005490623819115518,-2.1577267656500276
-439,-0.0001448704777050197,-0.0002047523466225526,0.0002508206107119639,-2.1865647967619637
-438,0.00029676941127101085,0.002129831891836225,0.00215040832656238,1.4323483850375247
-437,-0.001206532614912108,0.0022231424127315286,0.0025294432466715696,2.068029206259499
-436,0.0005814586215039004,-6.673630227740229e-05,0.0005852758858545916,-0.11427392073321559
-435,-0.00033860120284150315,-0.0007894456097984059,0.0008589965921909642,-1.9759742048727753
-434,-0.0027169207724908623,-0.00021059050206929247,0.002725070062136778,-3.064236596133754
-433,2.3346856087560694e-05,-0.0013363817565451505,0.0013365856781051768,-1.55332790417291
-432,0.0011282736428982892,-0.0005121498409356579,0.0012390717787236524,-0.4261118580987934
-431,0.000347881315652384,0.0014839171710252144,0.0015241494612548694,1.3405203796287282
-430,0.0009321327529838129,-0.0021120945984603318,0.0023086392230122254,-1.1551749126388733
-429,-0.00022711728952296353,-0.001125794809976162,0.0011484756059096425,-1.769863928275663
-428,-0.0012860104033313412,0.0005872579629213129,0.0014137519840802801,2.713221521519934
-427,-0.00113569513886474,-0.0009596632636507622,0.001486861469015131,-2.44000807096676
-426,0.0014594445167487608,-0.0005398560636374859,0.0015560921781546829,-0.35429650043473887
-425,-0.0001866434321258939,-0.0017823564370366297,0.0017921021844196391,-1.6751332915215293
-424,-0.0023091150252183314,-0.0026825122886533683,0.0035394751557915175,-2.281528837010578
-423,0.0008308099254689602,-0.0014751154707737212,0.0016929887135990352,-1.0578624636925464
-422,0.0004628014652367056,-0.00042230336734652013,0.0006265184197591094,-0.7396749106506187
-421,-0.0005854029005805117,-0.0008867107367261061,0.0010625217581929464,-2.1543058647195887
-420,0.002364393905115431,-0.001402339303609587,0.002748984187112618,-0.5353359292909389
-419,0.0006009345298413748,-0.0013208435336979777,0.0014511202395623304,-1.143823095314814
-418,-0.0008969283360358866,-0.0006040576190320243,0.0010813722980984588,-2.548892302182908
-417,0.0011250044093111117,-0.001046835979984187,0.0015367174398564286,-0.7494218998763185
-416,0.0019067761199891746,0.002359063761374864,0.0030333112273542083,0.8910289915798215
-415,0.0015940199953789064,-0.0010258775380530012,0.0018956066228913255,-0.5718479708849707
-414,0.000241307259039876,-0.002731032442246699,0.0027416723717230158,-1.4826676709543443
-413,0.0007395434387883473,-3.824698533620415e-05,0.0007405317884751482,-0.05167098894165906
-412,0.0005495430454448159,8.419299853015469e-05,0.0005559550519585747,0.15202339424712333
-411,0.0013965147635770885,-0.001579753621918224,0.0021085243633528444,-0.8468871961067586
-410,0.002872448854252918,0.000700794999156179,0.002956700196357624,0.23929656654373493
-409,0.00030823196803027005,-0.0016806681470348476,0.0017086990274982196,-1.3894135338376867
-408,-0.00043444280980433833,-0.001894385557374676,0.0019435630154385143,-1.7962299740163554
-407,0.001985188513330377,0.00039063863380347195,0.0020232577630343385,0.19429421831911667
-406,0.0003880680154547452,0.002493568430503905,0.0025235848117756395,1.4164072307697455
-405,0.0009519421635056377,0.0010388096633331201,0.0014090136263691933,0.829006024479686
-404,7.435114979553736e-05,-0.0005017299116311415,0.0005072090276220559,-1.4236774200193059
-403,-0.0030896822678015065,0.0007846508236700502,0.0031877599393701447,2.8928919036516523
-402,-0.0009754177626647847,-0.0016833333227969233,0.0019455207239606842,-2.0959730355439237
-401,0.0019140219882574083,-0.0006403737056642211,0.0020183058872328963,-0.32286284470789756
-400,0.002361409646391588,0.002035863204530086,0.003117850943459414,0.711499265407297
-399,0.0005902222883410746,0.00033288178557755455,0.0006776227806264158,0.5135235876004276
-398,-0.00010750322546571912,0.0003829489146385742,0.0003977522026443037,1.8444769326720587
-397,-0.0020673871979024153,0.0017827817147411246,0.0027299085091750065,2.429980550402557
-396,-0.0023898191263829003,-0.0007225940566953299,0.0024966733121489773,-2.8479689306624407
-395,0.0005639577214002628,-0.0014177312073680032,0.0015257817956287566,-1.1921975322748415
-394,0.0020784332014319347,-0.001416419365997009,0.0025151795946186366,-0.598190857730517
-393,-0.0020924743838500737,-0.0026323520900917025,0.0033626963248677244,-2.242423889428144
-392,0.00033298083929615696,-0.00043633265461540116,0.0005488737785885713,-0.9189415086883667
-391,7.720693367513354e-05,0.0004843173456158256,0.000490432668030868,1.4127125533887077
-390,-0.0022780244578184394,0.00015264342079535087,0.0022831328135548973,3.0746857417388584
-389,-0.0003272351199040957,-0.0033446739479828236,0.0033606437838624987,-1.6683236074382297
-388,0.0002289950759327697,-0.0031359606990913336,0.0031443104571665407,-1.4979034002125906
-387,-0.0007056186537739428,-0.002710658391694709,0.0028009938595110664,-1.8254572108464668
-386,0.0012215701291030112,-0.0018148476110264322,0.002187671234798569,-0.9783545318088831
-385,0.0023046946393714407,0.001971829475182929,0.0030331054811772768,0.7077193328945329
-384,0.0004924683404223416,0.001324020259596246,0.0014126410422112357,1.2147029669811567
-383,-0.0014446123323229778,-0.0035887840783410396,0.0038686271404276967,-1.9534864084077974
-382,-0.0004985156213756738,-0.0023038499104521496,0.0023571682660866516,-1.7838946967226519
-381,0.001118910107654035,-0.0011641059133103923,0.0016146524104012564,-0.8051921125018977
-380,0.0032093221825067655,-0.0023511218694271655,0.003978381946976519,-0.6322662010226601
-379,0.005143800815886805,0.0006388429265488963,0.005183320086423307,0.12356394428784341
-378,0.002466761816745142,0.0010649711630095681,0.0026868340921228735,0.4075558418985138
-377,-0.0008371627082191264,-0.0004207044557304994,0.0009369277662148121,-2.675918248940891
-376,0.0009804750789314245,-0.0006395224070352631,0.0011706068039720938,-0.5779607097276545
-375,6.56871221573355e-05,0.0011674503886634317,0.0011692968861703645,1.5145901387513936
-374,0.001178030163796377,-0.0004131202939588645,0.001248368312676502,-0.33728703993477305
-373,0.0027025980457650485,-0.002054534717193206,0.0033948709991876314,-0.6500018275947113
-372,-0.00028141500055672993,-0.00013419580301721992,0.00031177382200207383,-2.696627106674151
-371,-0.0010837318744253265,0.0006514008009676654,0.0012644357552468797,2.600385347913663
-370,0.0017310755586182822,0.00029439231434749084,0.0017559297891409182,0.1684516180506872
-369,0.0014541326576719147,0.0026117801586756067,0.0029892971386865446,1.0627785187816687
-368,-0.0010283239700267024,0.0008177577826697098,0.0013138409258537957,2.4697648118253963
-367,-0.0006014516146164619,-0.0005648141589424463,0.000825081255917629,-2.3875984905687915
-366,-0.0010234949630875591,0.0006654657856409556,0.0012208139298534966,2.565084154652215
-365,-0.0019175508996060195,0.0014017784117913348,0.0023752861234689372,2.51034629533747
-364,0.0005851880013142616,-3.7291022871091366e-05,0.0005863749800843761,-0.06363880936829758
-363,0.0018223259270733786,0.0006532673743915038,0.0019358796571399312,0.34420930853112974
-362,-0.0025903409233739684,-0.0015809746096618789,0.0030346905634185233,-2.5936088393429175
-361,-0.002797938686617581,-0.0016882909712447793,0.00326784138196118,-2.598673033597405
-360,0.0006933581412106506,-0.0004768046322845504,0.0008414797498164136,-0.6024057507382288
-359,-0.00018415457631338754,-0.0002888570979285484,0.00034256580535842494,-2.138354077783754
-358,0.0003980528019269416,-0.002418023786735891,0.002450568314971543,-1.4076405747917289
-357,0.0007234074053450966,-0.0013956908720973295,0.0015720277620207377,-1.0926043649244275
-356,-0.0011390660953475146,-0.0008575050175641406,0.0014257581929338194,-2.4962929521332495
-355,-0.0023828767385028473,-0.002944941207135855,0.0037882423713887095,-2.251087083489423
-354,0.0008446900052922954,-0.000320040786638779,0.0009032869478482827,-0.36217276829036493
-353,0.001147321733813805,-0.0008043502304257311,0.0014011875156692778,-0.6114421946612612
-352,-0.000381802369501442,-0.004287677818536753,0.004304643321452895,-1.659608504900327
-351,-0.00018474523189233177,-0.004700522286122081,0.00470415141795386,-1.6100792364785093
-350,0.0005844249195758219,0.0001326124522067016,0.0005992816942819801,0.22313262865909397
-349,0.0023612679915138357,-0.0021826606226345484,0.00321552389531585,-0.7461115713574026
-348,0.004009288363705879,-0.0012535185057928845,0.004200678734170538,-0.3030248116437651
-347,0.0024458451334871583,0.0006173894474241553,0.0025225638043057537,0.24725855347792258
-346,-0.0008095869139064958,0.00013539278794201865,0.0008208301762212182,2.9758892273229063
-345,0.0012300503824091077,-0.0013451466086473378,0.001822757071586948,-0.8300625835963141
-344,0.0012330175625079023,0.0006965851620737038,0.0014161790838287992,0.5142436534972922
-343,0.0007098250630992982,0.0010215808948635958,0.0012439771480836084,0.9635485886584122
-342,0.0035677272967548166,-0.0021389119119268516,0.004159762280586718,-0.5400640190110532
-341,0.0019893234979021235,-0.0006124227102444271,0.0020814585163602636,-0.29864732821381224
-340,0.000116500014970735,-2.5714416250727332e-05,0.0001193041687926166,-0.21724132403208218
-339,0.002731102119735733,0.001111427518592954,0.0029485911750377846,0.38648509208440474
-338,0.004336312993845743,0.0028983453035724646,0.005215746914808654,0.5891942633275535
-337,-0.001251088282005105,0.0039994945632316516,0.004190606000412115,1.873965044939757
-336,-0.0021740581443950874,-0.0009419539864688239,0.0023693471944472634,-2.732738218668114
-335,-0.0026361377800978034,-0.0013543072949673387,0.0029636751921998344,-2.6670081980066636
-334,-0.0017215104731571097,-0.0005952598291416681,0.0018215193035977918,-2.808684342878113
-333,0.0014809818972463598,-0.0008922595964884969,0.0017289981398189076,-0.5422398571324718
-332,0.0042252308274862765,0.0015197193762802098,0.004490225220206875,0.3452698246440381
-331,-0.0019450108473660103,0.001964891146829376,0.0027647539520289878,2.351109930995593
-330,-0.006189613344202904,-9.053330298547813e-05,0.006190275408225721,-3.1269670473390456
-329,-0.002364016711864269,-0.001696911444367486,0.00290999715876131,-2.5190143534584775
-328,-0.0018181786744345414,-0.0019590174802705546,0.0026727370203920436,-2.3189251545514633
-327,0.0007825529771413827,-0.0032966154271874587,0.003388224083026858,-1.337729430671404
-326,0.0030724276379070084,-0.0023544651340762154,0.003870829065943802,-0.6538648427523172
-325,0.0006143045789423402,0.0010914892829507528,0.0012524851178780027,1.058168975875154
-324,-0.00408609687961264,0.0006163135445382351,0.0041323153430929535,2.9918892618909676
-323,-0.0005163080570302049,0.00033079954443882963,0.0006131903035398085,2.5717816904137627
-322,-0.0006379579136669036,-0.001271537913130889,0.001422602883498935,-2.035820190119551
-321,-0.0010343816636366808,-0.005594432840261427,0.005689255156016764,-1.7536263936146335
-320,0.001674996251871022,-0.007276698084911163,0.0074669905224750205,-1.34455100044737
-319,0.004811175434371286,-0.0010421532472426782,0.004922752527909177,-0.2133154163854235
-318,0.004598367847676059,0.0011083582843101078,0.004730057605245394,0.2365214680383132
-317,0.0027858925216467903,0.000684212351793799,0.0028686832666773646,0.24083225329346147
-316,0.00016522884233157245,0.002457153107959129,0.002462702167597909,1.503653390649934
-315,-0.004501091026790798,-0.003140633792881563,0.005488478937961434,-2.5323787222944163
-314,-0.001655582141692375,-0.007130484120104971,0.0073201609282146154,-1.7989377032293319
-313,0.0038047552857570495,-0.004182806200103603,0.005654381530470096,-0.8326928227408709
-312,0.005451001065911414,0.0010046083347180412,0.00554280168567777,0.18225286588478812
-311,0.005031663205304583,0.0005858120190937949,0.005065650040550644,0.11590332238135176
-310,0.0005430313499509665,0.0029219703207156284,0.00297200161543909,1.3870483831278686
-309,-0.0050909397184047255,0.003314836982419321,0.0060750153445440465,2.564427135838825
-308,-0.002917806582769119,-0.0008624608048837877,0.0030426031444162407,-2.854190925246834
-307,0.0037616497956148485,-0.0018706010244065924,0.004201090022525133,-0.46147090782583106
-306,0.0026248733673894047,0.00047817858202626714,0.002668073265699209,0.18019603010998694
-305,0.002457626298407848,0.0004498538272820654,0.002498458622540342,0.18103986643957104
-304,0.0019036717575670005,0.0010426408149494795,0.002170499027771436,0.5010755776611353
-303,-0.0007797621779878283,0.0038875239805765387,0.003964955454198442,1.7687501640787617
-302,-0.0015113956735263692,0.0006512631701233393,0.001645740137054854,2.734733737454388
-301,0.0019636461159874084,-0.000173182632984241,0.0019712681941328504,-0.08796681639480317
-300,0.0009204134385767944,-0.0009555303454199405,0.0013267249673278594,-0.8041155717112983
-299,-0.0030407645701647887,-0.003747482401224255,0.004825958300550779,-2.2524591646358187
-298,0.0002870730730600282,-0.0019597470221775454,0.0019806613391011307,-1.4253460264987443
-297,0.002572444739057261,0.001364704499727855,0.002912025121299752,0.48775569478240594
-296,-0.00024609499871663856,0.0005290595078890664,0.0005834952538634427,2.0061819380462764
-295,-0.0007480162718509354,-0.002382130261473796,0.002496812553153117,-1.8750576174475067
-294,-0.003950152988619538,0.0007428436493597404,0.004019393650899842,2.955709186302312
-293,-0.004546019452716695,-0.0022087957940626146,0.005054213264628561,-2.689309013674117
-292,-0.0014032186661294731,-0.004036448661596688,0.004273399164913087,-1.9053644221830672
-291,0.0026061139083409287,-0.0012032922751618312,0.002870495079722689,-0.43255658921861506
-290,-0.0003550272848200501,0.0006258236299931572,0.0007195134389464237,2.0868216241188144
-289,0.0008637430717955111,-0.0029378749613028364,0.0030622151103939267,-1.2848507146371457
-288,-0.0008196911532343612,-0.0002821843494176114,0.0008669034512256353,-2.8100432998261256
-287,-0.0011116743946107499,0.0018534920874223194,0.0021613081404025488,2.1110488528993603
-286,0.0018403441352491737,-0.0012259081881132936,0.002211270544693536,-0.5876308786970148
-285,0.004977164697187293,-0.0012838053900338091,0.005140070495859696,-0.25243668835303457
-284,-0.0011378671314035637,-0.001840411093727418,0.002163759368008265,-2.124539939293389
-283,-0.0012319681583738136,-0.002929561470557313,0.003178061666019225,-1.9688746652840245
-282,0.005187772205585437,-0.0027903830933704646,0.00589060423596871,-0.4934880685153468
-281,0.003127108689986596,-0.001069651269170312,0.003304990559234223,-0.32958173053910367
-280,0.0023880168838418944,-0.0020314875244400107,0.00313521390011421,-0.7049006892773011
-279,0.002730609533543844,-0.0022382254835051547,0.0035307055583399206,-0.6866261598952419
-278,-0.0010197198786756245,-0.00023249175113993067,0.001045887682934617,-2.9174286933362494
-277,-0.003731376673707456,-0.00379855901233698,0.005324680502273785,-2.3472726933956314
-276,0.001815802105352884,-0.0004621678246566126,0.0018736959155508108,-0.24923334197880265
-275,0.003805672846773787,0.0015731875436869056,0.004118017103447112,0.3919870459732559
-274,-0.0008017936004693343,-0.0015433003663227244,0.0017391518043130777,-2.04994699425585
-273,-0.002037320688756912,-0.002831708796857957,0.003488445255273426,-2.1944681835564728
-272,-0.00036138867574756785,0.004373616858070018,0.004388522097033674,1.6532382893249757
-271,0.0022029143257900874,0.0005305375970272904,0.002265899748142156,0.23633380754323552
-270,0.0034881227069567997,-0.00026964599630233176,0.003498529545696236,-0.07715060776229606
-269,0.0019429668122886226,0.0031510454037362873,0.003701919390000624,1.0182528697743045
-268,-0.002841755849643888,0.0018308320735516649,0.0033804618605348504,2.5692625624989898
-267,0.0009829595485129849,-0.004655383158799941,0.004758024992499616,-1.3627080204522994
-266,0.0037758699405913507,-0.0004431304386441348,0.0038017835806255823,-0.1168241172151737
-265,0.0043338517396033765,0.003174749805411595,0.005372272073138531,0.6322372565197523
-264,0.003770324132313363,-0.00038142190849138266,0.003789568146238002,-0.10082121442657495
-263,-0.002097011895835434,0.0013720803099271036,0.0025060054405697083,2.562198710857442
-262,-0.006579933518579413,0.0003752326878347247,0.006590623997691306,3.084627530902732
-261,-0.0030838469205608735,-0.006042217679192248,0.006783694149369954,-2.042716019450781
-260,0.005251523555944527,-0.003958156055891371,0.006576131007015431,-0.6458749553287595
-259,0.0026922881817033617,0.0001501884113872063,0.002696474033298783,0.05572691316294775
-258,-0.000671251933522051,0.0009316097143129835,0.0011482490226686068,2.1951677685817437
-257,-0.0022109648208719136,0.002309233408544437,0.0031970180440952993,2.334458029586724
-256,-0.00738899735647891,0.0022908934761574073,0.007735985706628012,2.840949412353564
-255,-0.007136936460559351,-0.0029040568062392857,0.007705154636730281,-2.755147698275301
-254,0.0030348819503038804,-0.005274365813788595,0.00608518226431568,-1.0486597988711452
-253,0.0005605910894975752,-0.004366973672736446,0.004402808356946429,-1.4431239627102375
-252,-0.0003663198670000867,-0.002156370088596926,0.002187263633848119,-1.739067921430861
-251,0.0027188571932958983,0.00013811077259795468,0.0027223627647770332,0.050753737315930456
-250,0.0032355043504588288,0.005441023743507023,0.006330341837471748,1.0343199934039433
-249,-0.002161800046462936,-0.001134908061729445,0.0024415969670413744,-2.658159055817436
-248,-0.0005718165559622512,-0.005792884712143953,0.005821038349114671,-1.6691877440002687
-247,0.0002113980741720034,-0.003846742647529572,0.0038525469681869487,-1.515896463043582
-246,0.002607739337324666,-0.008037110313689116,0.008449582631458103,-1.2570508313564595
-245,0.005069656963539129,-0.005346682331242164,0.007368068517540939,-0.8119871668315686
-244,0.009810646604537676,0.0037568867752755253,0.010505378862343174,0.3657133318723568
-243,0.000947430094214663,0.0003289334981687528,0.001002906291555267,0.33416480847827884
-242,-0.00324564986811271,-0.00476787503881132,0.005767744398991697,-2.168474043388203
-241,-0.0016322886644739368,-0.0031204688696163385,0.003521603647546779,-2.0527455013806177
-240,0.0008226915179027627,-0.0026021780970970215,0.0027291302978495967,-1.264585144306328
-239,0.008328233845804674,-0.004320674736388242,0.00938230830702499,-0.4785730154050675
-238,0.00751961575197968,0.0019777177025180823,0.007775344903492985,0.2571833494882966
-237,-0.0019205637324578861,0.007938815943456912,0.008167824902293034,1.8081565861883584
-236,-0.0033774051049769993,0.0018047165406535892,0.0038293428986228635,2.650844110720738
-235,0.00030040180450108256,-0.0008534573461009831,0.0009047821206021038,-1.2323567096005095
-234,0.00015469526564362845,0.002133589793661704,0.0021391905087742758,1.4984182886856174
-233,0.005756241717023747,-0.000482377661690988,0.005776418173340896,-0.08360545679420983
-232,0.0043949452886375175,6.145547888259002e-06,0.004394949585362267,0.0013983209071295678
-231,-0.0021714874134344435,0.0061266318040758905,0.006500074987984246,1.9114158989471879
-230,-0.005171745740146205,0.0008961772689487224,0.005248817742892279,2.9700131407385726
-229,0.004090280754583495,0.000364484715424801,0.004106488251425349,0.08887520619633314
-228,0.0017674885649946043,0.00031492048001306727,0.0017953246882161304,0.1763236673866895
-227,-0.004191661833946215,-0.0007132812008204294,0.004251917097216876,-2.973040497355313
-226,-0.0009238215958969655,-0.00035726615479248977,0.0009904975751640322,-2.772581186899016
-225,-0.002147472083105003,0.00022355490464946032,0.002159076919219918,3.0378648546151252
-224,-0.005648965123404855,-0.0013427115695667305,0.00580634836403163,-2.9082314892873957
-223,0.00235643856896995,-0.0035873624816431665,0.004292082513655831,-0.989605217102577
-222,0.0021465590110847643,-0.0011634577657939904,0.002441587508334597,-0.49668863883595343
-221,-0.00878132739200152,-0.004296543936577038,0.009776093318112975,-2.68655628731373
-220,-0.0049030074036659765,-0.004798625794679191,0.006860487673464903,-2.366953254144402
-219,0.0018455344498866637,-0.0018603823895805517,0.0026204999601564423,-0.7894046915763793
-218,0.0017514351161340147,-0.004014500347908714,0.004379924429643342,-1.1594126657348218
-217,-0.0013458122077091104,-0.007775173905006185,0.007890788284544708,-1.7421890683743504
-216,0.0005002500947446694,0.0011973097184292056,0.001297613470620999,1.1750298931069867
-215,-0.0038400579984778256,-0.003587754473771878,0.005255285681648871,-2.3901488419101145
-214,-0.0007069486816793707,-0.010527576844050347,0.01055128668200771,-1.6378477403789076
-213,0.008257495369263103,-0.0035130706888706845,0.008973733639818153,-0.40224346298540886
-212,0.010129505625552282,0.0014371789596989495,0.010230951450392906,0.14093977886418033
-211,0.0031716996762230013,-0.004149356815361278,0.005222723505733208,-0.9181531838144523
-210,0.0018837875711504833,0.000926606790670791,0.002099346507306086,0.45713453432100504
-209,-0.0003866567840031133,0.003986172463956224,0.004004881319217645,1.6674933250821078
-208,0.005668994504089924,-0.0066304073178188455,0.008723519925327588,-0.8634069844589708
-207,0.009508890891122073,-0.008031825734247858,0.012447057106183391,-0.701388558741424
-206,0.004464275249083727,0.003350975569003431,0.005582005980258302,0.6438979743320344
-205,0.0031660164516000636,0.00014062251706682682,0.0031691378739506534,0.044387057073265616
-204,0.006228301420323299,-0.0013188938275756103,0.006366413394590259,-0.20867552487926688
-203,0.004186279846329014,0.0064331188573189275,0.007675282221793076,0.9939019359592924
-202,-0.0014476786990722246,0.006129264129710772,0.006297908572495047,1.802736915515327
-201,0.004339133927630185,0.0015398411150170732,0.004604258235743123,0.3410093352655086
-200,-0.005817077821512056,-0.0001002022985274265,0.00581794077678328,-3.124368818406947
-199,-0.0107161299057472,-0.00012118991519211898,0.010716815159010337,-3.130284023507364
-198,0.005366592708248916,-0.0002731019422451339,0.005373537193235802,-0.050845400513125694
-197,0.011705132488292157,0.004155436948258116,0.01242086079140336,0.34113091812764684
-196,-0.007993581828016762,0.005176748841799108,0.009523448903221364,2.5668971777935257
-195,-0.01077755464430315,0.0045704734627290845,0.011706618289858571,2.74050716766205
-194,-0.006600784923967165,0.0006546862158805416,0.006633172367256575,3.0427328925251667
-193,-0.00672185630729632,-0.006514938276810177,0.009360970727792373,-2.3718252516613734
-192,0.004181661659633029,-0.00977860591122722,0.01063519759114671,-1.1666970082353894
-191,0.010839633982288264,0.0036265311011318612,0.01143019652925772,0.3228560690207256
-190,-0.0007945852763300426,0.0058016691834381524,0.005855828811997189,1.7069075528669684
-189,-0.013736840975259235,-0.0031418164598238907,0.014091551037653072,-2.91674540090955
-188,-0.005447825294885376,-0.001644201123432977,0.005690535807627538,-2.848477319487527
-187,-0.0006702747243777733,-0.009981016673790415,0.010003497490809001,-1.6378506024235728
-186,0.0038092174527481364,-0.019431011256611404,0.01980086705315906,-1.3772132256860128
-185,0.008838541824427839,-0.010163049237742732,0.013468756118919938,-0.8549906764546269
-184,0.0024640650051708044,0.0017610720325205425,0.0030286946121115335,0.6205250387781911
-183,-6.345118199919259e-05,-0.003739530542673816,0.0037400688138171227,-1.5877623852554275
-182,0.004957325637747843,-0.006485806601927326,0.008163379493584512,-0.9181840921324469
-181,-0.0005397585402671873,-0.00012431213037806133,0.000553888786265345,-2.9152292607321497
-180,-0.003560861837257465,-0.005717890455601147,0.006736023180355847,-2.127781769062287
-179,0.0037460869794685506,-0.008836917391774354,0.009598139228349829,-1.1698464680502652
-178,0.0008006222754686912,0.0012036874143917633,0.00144563460789433,0.9838504531262096
-177,0.006039817166893134,0.0019342500884593512,0.006341980354290134,0.30992950190929897
-176,0.013705313768602581,-0.0014562168008243996,0.013782459608750927,-0.10585482895940637
-175,0.007813081611500808,0.006004864223575834,0.009854067110160812,0.6552774741140198
-174,-0.006946402501056673,0.0013685262191543614,0.007079927380926963,2.9470715970891215
-173,0.002669340906379422,-0.0029054195692001135,0.003945483968737104,-0.827720643963288
-172,0.015115692014572357,0.0015339238554158592,0.015193323121477422,0.10113269823227904
-171,0.008087482861880128,-0.0001815394257308183,0.008089520109641824,-0.02244319370099161
-170,0.0051364617688157005,0.0020423323042736957,0.005527599908060027,0.37844832677455725
-169,0.003018989850811895,0.007005682309964177,0.007628491616790978,1.1639099043099972
-168,-0.012773522164838704,-0.0013039524528073703,0.012839905003340485,-3.0398625961934536
-167,-0.0024912693534572435,-0.00939283555706751,0.009717601699678117,-1.8300577069478494
-166,0.012020347936933854,-0.003379349575491082,0.01248634326287411,-0.274061576167871
-165,0.005420012527477874,0.008020998451209984,0.009680545023516498,0.9765467612038777
-164,-0.007569489651561069,-0.0004163050715639263,0.007580928933692755,-3.0866502320330005
-163,-0.01275793530852662,0.00453641481716101,0.01354045688778293,2.79995906796483
-162,-0.013441196071597643,0.00375604863633683,0.013956133174832479,2.8691004978035126
-161,0.001758511182520378,-0.013561445597884393,0.01367498330102919,-1.4418459585806556
-160,0.009723095294326002,-0.006661935848950004,0.01178643166348788,-0.6007008351000679
-159,0.002599150769697217,0.013583412622656178,0.01382984754800113,1.3817342428659498
-158,-0.01063579624357714,0.004153873495688451,0.011418179660220478,2.769254117812797
-157,-0.008631565189636287,-0.0019943945238700272,0.008858980028185165,-2.9145193976194768
-156,-0.002815261331802165,-0.0024459784872982743,0.00372941109649586,-2.4262688860527337
-155,0.0005869557425742912,-0.015662079910855945,0.015673074496657585,-1.533337624605199
-154,0.015608427735914483,-0.012721524193137261,0.020136042167810463,-0.6838458336312286
-153,0.008048806232567932,-0.00040673609411348566,0.008059076623266407,-0.050490767258723
-152,-0.00567757870956102,0.0034884528100089275,0.006663647875669885,2.590633166692503
-151,0.010001568683950406,-0.008039749390041066,0.012832339864360012,-0.6770833939969364
-150,0.003960207443466238,-0.0067559672193669654,0.007831113334925399,-1.040601169172322
-149,-0.007186741469329619,-0.007049414202271869,0.010066950558246246,-2.365840563957924
-148,-0.000677681445230751,-0.01596063228742947,0.015975012837420387,-1.613230400105315
-147,0.0021533678020231144,-0.011384900966920623,0.011586758084873437,-1.3838622033816552
-146,-0.0016729516550904877,-0.0010039806030854026,0.0019510879763972025,-2.601081030810504
-145,0.016230646207943455,-0.005955380245570074,0.017288737090856453,-0.3516697987998554
-144,0.013561188129985927,0.009272295985595327,0.016428064290760443,0.5997281055777014
-143,-0.01343482769312504,0.008920469702338368,0.016126666576025444,2.5554516953714703
-142,-0.02256777419546,-7.483247777486518e-05,0.02256789826361773,-3.1382767659500668
-141,0.009438739639696422,-0.0037662464801991088,0.010162402203002434,-0.379661317984198
-140,0.014400608361001509,-0.01089141974237664,0.01805548518239203,-0.6475315169259221
-139,0.01559138041477573,-0.00874722695557964,0.01787750325550722,-0.5112718287575434
-138,0.02112210950777649,0.014443108959033907,0.0255880227149545,0.5997644233005855
-137,0.0002818577394021471,0.016457429172106144,0.016459842609823194,1.5536715265908634
-136,-0.014195344258466316,0.0005783098697431099,0.014207119374518358,3.1008757651982632
-135,0.00555756677518171,-0.015584412614822074,0.01654570835623634,-1.2282445106041329
-134,0.0028646791030014773,-0.00723371176361387,0.007780293840351986,-1.1937275297611043
-133,0.008400510735040084,-0.02296835425357585,0.02445636681372112,-1.2201661332259
-132,0.006713927107664275,-0.01683372996319371,0.018123224924961753,-1.1912922843079001
-131,0.008170582054870534,0.014046191563134691,0.01624973564534662,1.043946056162601
-130,0.010943708764384386,0.010312983013260696,0.015037366130791232,0.7557349987666265
-129,0.0030079828867748404,-0.0008819035307530143,0.0031345996370645062,-0.2851953033548568
-128,-0.018567685151585227,0.020500478333546866,0.027659149368565603,2.306762459694687
-127,-0.03277393746335264,-0.003486728943642133,0.03295888735346176,-3.035604076189688
-126,-0.005035610909942311,-0.023874689164638762,0.0243999622939145,-1.778667954371425
-125,0.019905630292200445,-0.019648082901037815,0.027969291714589815,-0.7788869225889725
-124,0.022502841775205677,0.00927192190394022,0.024338168044302513,0.3908367442981069
-123,0.026510754931028675,0.020896037575693582,0.03375595522834244,0.6675103527276812
-122,-0.0004474092603240972,0.029916743076901425,0.029920088425262937,1.5857503579986238
-121,-0.05295807167147036,0.017855257472059762,0.05588709667315111,2.816403519645323
-120,-0.018202064170452996,-0.013478935911701634,0.022649433842307155,-2.5041884136800068
-119,0.015277334452990543,-0.03633901973614821,0.0394198085151704,-1.172818762396124
-118,0.023211803685708517,-0.01797131006047252,0.029355677741001184,-0.658829777498348
-117,0.009650681550725215,-0.011223273342617586,0.01480194307908994,-0.860593625076915
-116,0.002943100590051142,0.02314726997093655,0.02333362269752771,1.4443281518612814
-115,-0.01938276485046442,0.013091568178541969,0.02338975695944299,2.5475523409454457
-114,-0.026148992443077876,-0.03732442406215018,0.04557282564598512,-2.181915893606114
-113,-0.004363444696742996,-0.034656700125416356,0.034930309377452826,-1.6960420961935634
-112,0.015119232449943853,-0.027348325552714388,0.031249353599917644,-1.0657757525996554
-111,-0.0016504162299604379,-0.02933855040341253,0.02938493514550771,-1.6269912843853833
-110,0.0191888407830567,0.00033939130781862994,0.019191841940192272,0.017685066443781896
-109,0.014561047395129003,0.017448584605166628,0.022726134866423085,0.8753630444708883
-108,-0.0054762711371443284,0.0005273703450765928,0.00550160567910735,3.045587710280265
-107,0.00027106963367082575,-0.016008075383355316,0.016010370271342413,-1.5538646393130304
-106,-0.020956111670633798,-0.003378796377427449,0.021226749193227656,-2.9817363477649526
-105,0.002076809649846879,-0.006796825951334944,0.0071070374513180455,-1.2742502862384282
-104,0.04783442912520504,-0.037266836993606306,0.060637857393234865,-0.6618539108316864
-103,0.04491193755604643,0.002354002190053105,0.04497358626292758,0.05236581244666212
-102,0.02778910780370525,0.02255997710917869,0.035793673738422245,0.681911668728179
-101,0.02063758203812223,-0.0017463844916340266,0.020711341124438204,-0.08442044220574078
-100,-0.002026130125825644,0.019926483677035346,0.02002922751925132,1.6721283290011513
-99,0.004070065870584566,0.0056764826911553795,0.006984832992554935,0.9487486174889789
-98,0.019417472209535155,-0.01582934403806917,0.0250520729618055,-0.6839475881817276
-97,0.03327173137511958,0.00401816339877885,0.033513486028722866,0.12018604210169694
-96,-0.030413626462305894,0.010039876840291881,0.03202792221729194,2.822744872895041
-95,-0.033527305876291665,0.009517629633467962,0.034852051778371515,2.864992478369124
-94,0.028340787323248805,-0.0009810704399163721,0.028357763051935145,-0.034603090877164705
-93,0.0010109799889676974,-0.018193193350742282,0.01822126134041182,-1.5152842854551816
-92,0.0001170588178894483,0.01468065947503104,0.014681126162139752,1.5628228200640877
-91,0.00824512573900615,0.026015384442100525,0.027290700359688606,1.263878248743118
-90,-0.054832302095916906,0.027573444027174314,0.06137488222927689,2.6756527837216773
-89,-0.056829644690613065,-0.01561745499998742,0.058936520225900325,-2.873401451059901
-88,0.011533884401968137,-0.03485619428688122,0.03671491208709037,-1.2512381519329745
-87,0.04035655022986874,-0.005255031395558431,0.040697254224630726,-0.12948650327046285
-86,0.00776572166832629,-0.020820059472200676,0.02222119054992071,-1.213787001091765
-85,-0.040958111762178964,0.033751569506526566,0.05307292495498092,2.4523575930088466
-84,-0.03264978321787626,0.05704576701573065,0.06572844040890775,2.0906320069149653
-83,-0.033871203178966525,-0.06639887825907179,0.07453904640424285,-2.0425048188859147
-82,-0.015918125084814626,-0.09198693920567125,0.0933540769899401,-1.7421470463934812
-81,0.044865063603220866,-0.033843066662508525,0.05619810577985747,-0.6462665999787756
-80,0.02486162409816337,-0.02605946198371277,0.036016606054415354,-0.8089172418262639
-79,0.03580935726183533,-0.018265171353413948,0.04019858893139574,-0.4716687350961647
-78,0.013983291987937154,0.009097445896302833,0.016682205389458093,0.5767926833927316
-77,-0.009396164116368243,0.0018784090745469968,0.00958208332008581,2.9442813919094184
-76,0.021785746456733618,-0.07902398532293524,0.08197200134800033,-1.3017931642472766
-75,-0.03378699935688596,-0.068698970394151,0.0765578856732515,-2.027872356045969
-74,-0.021026958730370703,-0.016235790911302075,0.02656565263576696,-2.4840708203972595
-73,0.0939797251437891,-0.08276221883476301,0.12522688850464722,-0.7220149044204773
-72,0.09463574840299073,-0.03937398576246755,0.10249992990542559,-0.39427261060499025
-71,0.05792992652207823,0.06718588312049859,0.08871200187987349,0.8592427573572985
-70,0.0008266172644847828,0.035496507644880076,0.03550613117596697,1.5475132506916098
-69,-0.025787118843870013,0.05193308221933464,0.05798293306713663,2.031676218648644
-68,-0.03217869353634579,-0.013818177085100792,0.03502014185666967,-2.7359841252966306
-67,0.01006758600272755,-0.05701479266359474,0.05789682953664227,-1.39601948662179
-66,0.17209502949958352,-0.00690916255118157,0.17223366600528822,-0.04012581925543906
-65,0.08702891714793373,0.014211976637305859,0.08818170274995397,0.16187295294679668
-64,-0.03976987409192682,0.1168896632739959,0.1234699812326699,1.8987448502922997
-63,0.038173175525409136,0.14609841250910136,0.15100310416469337,1.3152259605314354
-62,0.004180014052494012,0.04574429756791795,0.04593488083647623,1.4796715751883638
-61,-0.08248190630604901,-0.03655161371884018,0.09021798785902484,-2.7244522340909008
-60,-0.026458466410679143,-0.03312910707219868,0.04239797377477184,-2.244711806078456
-59,-0.034440567479398,0.026261518020168344,0.043310737895198625,2.4901286794687363
-58,-0.005438471141236663,-0.02774829409021662,0.028276223108315127,-1.7643360407986486
-57,-0.015451869030707475,-0.06724582369547077,0.06899826853642399,-1.796657504759076
-56,0.004662265797835191,0.11677160889633884,0.11686464549473112,1.530891157948986
-55,-0.04431223908341472,-0.05673755032393375,0.0719911393808059,-2.2338463789984386
-54,-0.2505576168152943,-0.12464769529338507,0.2798502586850911,-2.6799621415730304
-53,-0.11123436262312068,-0.03185897325838723,0.11570686066629991,-2.86264708491965
-52,0.02254314464704943,-0.19506056874589012,0.19635890315961718,-1.455736803063285
-51,0.14734707374294662,-0.20783821413949327,0.25477025610793586,-0.9540883227851631
-50,0.120729393488094,0.02153728305985688,0.12263539869712754,0.17653597108174757
-49,-0.09122160670900553,0.21586870308780676,0.23435161297371981,1.9706146819471013
-48,-0.14061281205342024,0.06629969323886556,0.15545935879559697,2.700999496719092
-47,-0.13078960643010548,-0.17844696734307175,0.22124475429731932,-2.2032845439089126
-46,-0.10024824118261094,-0.22787004777909217,0.24894671826527998,-1.985249594941344
-45,0.36530889643157016,-0.23962306385834614,0.43688648702484795,-0.5805441308601098
-44,0.40501328153312616,-0.24720317042603374,0.474494642421718,-0.5480010191211739
-43,0.09096399477332537,0.2837086299306657,0.2979346153810547,1.2605268110136258
-42,0.18122285373461006,0.1857088435565849,0.2594792810434775,0.7976232351812294
-41,0.10671386126725604,-0.030132336037545938,0.11088645481593663,-0.2752010823435554
-40,0.07669000532869216,-0.1475031305239927,0.16624839978686368,-1.0913390607594713
-39,-0.13993995287649263,-0.19291100996391009,0.2383229912878126,-2.19837448996507
-38,0.18728522114376064,0.118336830577037,0.22153861859704213,0.563512532426485
-37,0.17150021566063012,-0.02661884031562093,0.17355369956123426,-0.15398302839214256
-36,-0.25174682720828934,-0.023547529568185274,0.2528457062285315,-3.0483274674265055
-35,0.002422137649869085,0.09674937979081721,0.0967796943614863,1.5457663802223112
-34,0.07186568894455297,-0.10013309315911052,0.1232530469931123,-0.9482885715881084
-33,-0.4158656347220977,-0.2557938569411974,0.48823633968772434,-2.5901530236404766
-32,-0.014349749796999153,0.15318707223311123,0.1538577083495946,1.6641984425258807
-31,0.533722751898025,0.1462551971569707,0.5533990952188349,0.267462707359179
-30,0.24830458282849033,0.24004247108432322,0.3453629305207766,0.7684812525501318
-29,0.04733659008722019,0.06447671248416664,0.07998749410908809,0.9375064344386016
-28,-0.5838875484694999,0.7297540673391405,0.9345938519248569,2.2456076985664803
-27,-0.025992488993680396,0.35632811531176534,0.35727487351578663,1.6436127346316927
-26,-0.34662761948673987,-1.0055189841061651,1.063587859083084,-1.9027641850076173
-25,0.13899850100161626,-0.027371874398218844,0.14166793140569317,-0.19443428044754213
-24,0.7153658855703875,-0.14584201672006009,0.7300809846029953,-0.20111443066999743
-23,0.05215590977749024,-0.47616095041749174,0.47900886174183327,-1.4616970524115425
-22,-0.34542279476726745,-0.11944913601744983,0.3654928224194629,-2.8086593713225922
-21,-0.18730500748994494,0.11633837557529228,0.22049440687306807,2.5857902847140726
-20,0.6887595081020188,-1.0144890612245383,1.2262045976692388,-0.9743568010015621
-19,1.078782503812422,-0.8768934646191958,1.3902207877972674,-0.68253019253664
-18,-0.927740143832408,0.3696945711350455,0.9986870633010634,2.762389235000738
-17,-1.5195755538905833,1.7606240252961494,2.3257056611772455,2.2828404260925206
-16,-0.32629355686828665,-1.1357197067323774,1.1816627003989062,-1.8505624539397532
-15,-2.558188649431803,-1.977632544973651,3.2334748567169456,-2.4834959397437206
-14,0.06353737584353902,-1.4161034187523045,1.4175280916902662,-1.5259586472789177
-13,2.52062921525752,-2.7042327244572295,3.6968156931114526,-0.8205240659237791
-12,0.9978917334686109,1.0595623246286627,1.4554931231364456,0.8153634165545642
-11,0.3624117014794485,1.1464746485604875,1.2023919332568405,1.2646263382080247
-10,2.019846980631515,1.7630883861715185,2.6810935236614064,0.717629252784818
-9,7.451002139238097,0.33595403473822444,7.458572114847962,0.045057919001228276
-8,-0.9375591370893444,-3.1387601139460966,3.275794894134648,-1.861063395531589
-7,-1.7491424759345766,4.741817567555843,5.054140208294558,1.9241871900559224
-6,6.598480853566107,8.89094622797813,11.07198601894335,0.9323334550294768
-5,1.5019783237497575,-15.433609280912101,15.506522315492608,-1.4737831555202083
-4,-2.1741149777546065,-17.66192349425925,17.7952329980128,-1.6932763350101305
-3,43.30932691461096,-31.269898702765175,53.41820254068683,-0.6253475506001984
-2,-51.51944162211102,1.1387300875830404,51.532024715379386,3.119493332090399
-1,39.708938226345325,-102.59606425744481,110.012509180463,-1.201510710352081
0,356.7108214157446,-238.8491430539489,429.2918858454012,-0.5900220634144983
1,22.384523575478024,5.191857328268414,22.978735348539654,0.2279097510675616
2,5.0116848862208325,-39.942805722419465,40.25598979503199,-1.4459770850169766
3,-13.849832727332842,0.5985641442665436,13.86276111061218,3.0984013815069376
4,-14.390670601588027,25.37870132509357,29.17481587451266,2.086625846012529
5,-2.9999011511574816,-4.619361195123946,5.5079855453453135,-2.146763037077149
6,1.1611165270017516,-3.6608153071836367,3.8405416678623125,-1.2636587078416412
7,3.4467321796844956,-1.4206067505721802,3.7280137148679966,-0.3909453854371179
8,-0.846865687701887,-3.64505932696237,3.7421436356829165,-1.799078877897556
9,2.3286422034443146,0.9369011191583545,2.5100514374693934,0.3825202208209864
10,2.4252900575900798,0.6572449942908343,2.512767965007046,0.26464034529493874
11,1.1906525488631008,0.1849437127206297,1.2049305660448195,0.15409825662952853
12,3.322935814488036,-1.0454288379867314,3.483507411001382,-0.30480598993094504
13,-0.1286698184736373,0.3861602988583338,0.4070327979418814,1.8924296894478154
14,-1.078741934033451,1.0091475285102705,1.4771807250775437,2.3895145723367546
15,-0.19034549003460888,-0.23076361115011346,0.2991375098638687,-2.2605074357753887
16,0.540701542050239,-0.22799771929633622,0.5868058602125896,-0.39904688697563884
17,-0.11270231405500578,-0.5499160912767473,0.5613461668511233,-1.7729417236965959
18,0.2096467198406558,-0.4101217570701434,0.4605991779869436,-1.098243457934384
19,-0.6648118097204414,0.4682390998741985,0.8131559487544612,2.5279744009845535
20,-0.8920237766971356,0.5757811585839219,1.061711053334788,2.5684033616604287
21,-0.5322528876702936,-0.6875228467726228,0.8694715643813186,-2.229581569090906
22,0.19570656763180397,-0.27010073762423564,0.3335497999990077,-0.9437708299930375
23,-0.009765923273815185,-0.5243165949376389,0.5244075371163063,-1.5894201778146149
24,-0.5104929029116989,0.019336680125221512,0.5108589933841612,3.1037323032759656
25,0.02783704901900924,0.23376744467171695,0.2354190295758416,1.4522743477454363
26,-0.34299691935136606,-0.041394459753539364,0.3454857276108738,-3.021488861137121
27,0.13886877214288512,-0.6073713899352259,0.6230445739979771,-1.3460209664717095
28,0.3735016924262881,-0.6212765992842957,0.7249055987254898,-1.0295065258951868
29,0.2357634666306092,-0.020297067728727296,0.23663554922299165,-0.08587905950161666
30,0.08418396924833102,-0.07204042603979344,0.11080055804191102,-0.7078227394259534
31,0.21035408703884684,-0.07809989969538106,0.22438457225570418,-0.35550379037867924
32,0.17003341074921513,-0.1805084249073713,0.24798115298052673,-0.8152716245861741
33,0.18072413532933101,-0.3661807551170101,0.4083497992023482,-1.112331629282952
34,0.3016786049472463,-0.31079767415542026,0.43313413042998067,-0.8002859162406845
35,0.15625946965457596,0.2292652863477036,0.27745196589828636,0.9725494703408794
36,0.13605897594591143,0.14615058049678023,0.19967983652586443,0.8211421917510179
37,0.12412141543288063,0.024770337030276972,0.12656893523157745,0.1969776179451005
38,0.14436294155872875,0.03262845241422862,0.14800430670232712,0.2222820515438073
39,-0.1535335309404386,-0.032914817479803585,0.15702206957229736,-2.930407313153376
40,0.04295991906994748,0.09209444696458255,0.10162156172884151,1.1343251250484931
41,0.09308785341181325,0.13741013806544886,0.16597257151705805,0.9753686614153545
42,-0.01420484421356547,0.1585729172490046,0.15920787569712536,1.6601371236300524
43,0.05687109346744323,-0.006035341197634648,0.05719044164503829,-0.10572745799200879
44,-0.04904136923797921,0.07657383794845593,0.09093188964764892,2.140425494651144
45,-0.2093843441693376,0.08859210585985718,0.22735515125879108,2.7413259832607317
46,-0.14485072405145713,-0.02299254881553757,0.1466642068102039,-2.9841732866286175
47,0.06293292434068987,-0.04481191522114441,0.07725710784036657,-0.6187730653718553
48,0.05813871399504783,-0.06817095723816327,0.08959570009640784,-0.8646575475565341
49,0.04235205383595673,-0.06799534619686057,0.08010657631277657,-1.013732361474321
50,-0.030260973581559457,0.11347377753718556,0.11743945125324164,1.831409410788454
51,-0.12576947139088857,0.1490216275297737,0.195001039498681,2.2717780107276218
52,-0.14440555229857882,-0.0958103557455078,0.1732991281072653,-2.555798680938026
53,-0.0008046298360143275,-0.17139523320691172,0.17139712189889494,-1.5754908793207691
54,0.034751329530720146,-0.16340797807086638,0.1670623302883132,-1.3612520617077284
55,0.008562139127265077,-0.09679867648895599,0.09717661239438329,-1.4825728739438877
56,0.049697759495428824,-0.00905794837693636,0.05051646986542834,-0.1802818228943906
57,-0.045281176545614685,0.04417874366043523,0.06326251924140842,2.368517070875063
58,-0.03989424203188843,-0.07137288710184528,0.08176576031904581,-2.080488876491243
59,0.021457581955738752,-0.17204405585072363,0.17337700244540552,-1.4467156185869867
60,-0.0015321255250149062,-0.06519469741873006,0.0652126979977379,-1.5942927708595456
61,0.01105319334257989,-0.021996762725719002,0.024617689848562826,-1.1051572491485206
62,0.07395341102330868,-0.02349482340360257,0.07759583576938202,-0.3076130438525479
63,0.07057404078854532,0.011579884527300657,0.07151775275334701,0.1626321932928477
64,0.023980141117005107,-0.015021870331575853,0.028296709283062542,-0.5596266855527461
65,0.03878738626620238,-0.04678262835116381,0.06077068083218009,-0.8785627698662201
66,0.020407083974214358,0.024714209331612485,0.03205060403826109,0.8805664083792627
67,0.003045823031964054,0.012943632462833983,0.013297167340263582,1.3396864468044807
68,0.07666587625592779,-0.0404756291388063,0.08669448157911448,-0.4857555585843206
69,0.13107977988600325,-0.026383604340683188,0.13370865070356808,-0.19862504489885924
70,0.05412716335699088,0.0022724387676290943,0.054174844633159774,0.041958693255258084
71,0.02085179890574177,0.0511776440358076,0.05526254397565613,1.1838929979696375
72,0.023363189174541516,0.09190308630055223,0.09482624046102517,1.3218540850134468
73,-0.01990330154972271,0.06588422515261746,0.06882494123891415,1.8641741207848843
74,-0.01634777288692365,-0.040835939745367214,0.04398663039208275,-1.9515854896506155
75,-0.00863396183762885,-0.029016936558644055,0.030274211868552503,-1.8600030270394736
76,-0.018820298382253287,0.03652329653169779,0.0410871612640661,2.046605500538134
77,-0.02124014923482203,0.016519487910649965,0.026907943443296094,2.4805679120181443
78,-0.009531012112090051,0.033226254883556273,0.03456622926308067,1.8501473640117243
79,-0.02953144374578983,0.027431133543537135,0.0403059953008745,2.393049549580489
80,-0.0505975158254997,-0.030780072930200998,0.059224331970062646,-2.595069413593872
81,-0.04937972113885006,-0.025712497653311545,0.05567305807410032,-2.6615149148298047
82,-0.04285668662603358,0.023228536891615005,0.04874690261634235,2.644908381188019
83,-0.028683871166270396,-0.014601124523075819,0.03218629059741996,-2.6707423618422386
84,0.017350598964269433,-0.050459953075114077,0.05335963032819495,-1.2396118112154724
85,0.01571340526332482,-0.02790924420378728,0.03202869052890108,-1.0580135012856962
86,-0.017309052889505724,-0.01583035771688315,0.023456417829161136,-2.4007853553727596
87,0.007249722397620473,-0.014952624412655336,0.016617444197845114,-1.1193451246749615
88,-0.004708411472098453,-0.017034892478843384,0.017673615938917062,-1.8404618508207358
89,0.001295237184881469,-0.04238866517201993,0.04240844932829678,-1.5402496159711674
90,0.04419757457777383,-0.08176998660801704,0.09295028944781812,-1.0752675396457039
91,0.04925808824385179,-0.04663988830927124,0.06783537748800685,-0.7581030129883859
92,0.005316681193550226,0.008009111197303378,0.009613166028141874,0.9847607560519918
93,0.017062385024732236,0.009221143472149619,0.019394702103053153,0.4954715097851463
94,0.02765295760085479,0.0003058468553630801,0.027654648910691457,0.011059735074651363
95,-0.0025387496065446616,-0.0293717936035821,0.02948130779080462,-1.657016987920415
96,-0.0020842672420836273,-0.024239102175439068,0.024328547926413483,-1.656573140642052
97,0.021129911615748925,0.014165480893274752,0.02543882886115423,0.5905823803273985
98,0.006332382062328536,0.03495774199609914,0.03552664898423624,1.3915955997063674
99,-0.0027613526446785145,0.0073089700317540175,0.007813201095156284,1.9320223745473863
100,0.027751298573887098,0.005382047405305377,0.028268374675774734,0.19156053473874332
101,0.01831835816198765,0.003219939678648716,0.018599200447465367,0.17399914131910446
102,-0.0015923611310806052,0.005848739835228475,0.006061631103256343,1.8366107308588784
103,0.002378793813845225,0.03132670663211964,0.03141689367877857,1.4950067631662285
104,0.0009412941799485826,0.031071796582952806,0.031086051174531688,1.5405114225235386
105,-0.0034460533548640315,-0.021244530133683957,0.02152220584246827,-1.7316046757462566
106,0.004042863012160064,-0.042192166018336204,0.042385417476461594,-1.4752677510586893
107,0.004715961695717217,0.00018535082657032947,0.004719602699844798,0.03928265087374717
108,0.002447466664272674,0.0041199141001987995,0.004792054388854836,1.034757626947535
109,0.007903531026807235,0.008653273686606702,0.011719426103142788,0.8306503022930886
110,-0.0034562237197183626,0.0050633726215355696,0.006130515859636922,2.1697440967536683
111,-0.021128427900399926,-0.010895714424273117,0.02377240119040799,-2.6654721469800546
112,-0.01694301782990104,-0.029899416460012568,0.034366276461578076,-2.0863457182804743
113,-0.007487377197685802,-0.000901189497337529,0.00754141630004184,-3.021807697500667
114,-0.010975918054139841,-0.0007586514772456934,0.011002105670966808,-3.0725827752070147
115,0.01715143927549464,-0.0066946359443435105,0.018411681608377767,-0.3721381570783651
116,0.012884339152779626,-0.0059250989236493195,0.01418143126270689,-0.4310300220024149
117,-0.009674945920094477,0.012216887714349908,0.015583867426983151,2.240598439624116
118,-0.020225652805389144,0.0026355222982734038,0.020396642105720297,3.012016825351072
119,-0.005562159184322568,0.006221662565735878,0.008345459835960092,2.3002859656317645
120,-0.0022034904290420126,-0.01331307814196131,0.013494199482920346,-1.7348225221218563
121,0.022649545061867504,-0.03490667205771936,0.04161102793316613,-0.995222892785465
122,0.027618624440810535,-0.013523912685755701,0.030751985794977222,-0.4553466154509505
123,0.011682480523893396,0.019860406910358896,0.02304161699699437,1.039076440832599
124,-0.012107205665721987,0.015018693061888688,0.019291074887608364,2.2492714448072566
125,-0.0012338806276290804,-0.0009389406052722205,0.0015505066473470203,-2.491110474719334
126,-0.005619095358363413,-0.026998066992504927,0.02757661788505192,-1.7759963953147169
127,-0.0018770185041185883,-0.044776208299301956,0.044815533335298835,-1.6126917942092658
128,0.014710580659485422,-0.016556485601314428,0.022147649961243257,-0.8443664358998596
129,0.018227907325744218,0.012118285040898263,0.02188856865599892,0.5867233448032562
130,4.453203450923836e-05,0.012151549111943905,0.012151630710406001,1.567131622423225
131,0.000845434506519406,0.0005795598849467284,0.0010250117877630368,0.6009396802242756
132,-0.009022973337562709,0.001697103213322572,0.00918118767736709,2.9556777825140563
133,-0.013967908544305933,-0.010200842812908204,0.01729623263013526,-2.5108155188146273
134,-0.001879203644233538,-0.003530364343380935,0.003999359790455981,-2.059946757881107
135,0.015109938342424219,0.009030112354495409,0.017602646558022808,0.538673075657369
136,0.01370000456554124,0.0011670459142800113,0.013749622586161721,0.08498064358955076
137,0.01331650328644017,-0.009057475564981609,0.016104878869088422,-0.5972923583398817
138,0.002775208626863492,0.010974471208789933,0.01131992938295892,1.3231102581686056
139,-0.0062615968157607345,0.011826501780884175,0.013381843634432497,2.0577290849295475
140,-0.0030732327142066734,-0.003331441059786936,0.00453246719243553,-2.315900698799463
141,0.007243560506528064,-0.01286181168069882,0.014761279366013425,-1.0578877786174805
142,0.0027842529403300856,-0.014277521660704,0.01454646655403327,-1.3782038582183955
143,0.012333898975921173,-0.016439441907451502,0.020551893201763725,-0.9271271538603485
144,0.011150386087596824,0.002973972961621169,0.011540174395516151,0.2606473261503162
145,-0.003432484950116505,0.014060540222745336,0.014473449633318789,1.8102349982652663
146,-0.007829333014568557,0.0077056582070493505,0.010985245734933752,2.364155369802039
147,0.0030755665815611214,-0.008640402953732229,0.009171459698460229,-1.228829148158744
148,-0.0099505135248033,-0.013278750904437527,0.01659331024809076,-2.2138852379668927
149,-0.009360669957809323,-0.0054073487656250705,0.010810252667358937,-2.617756471951862
150,0.009059520179708649,0.007245648474065749,0.011600617556676867,0.6746084930764348
151,0.010495196872678414,0.007897026854919777,0.013134389614428336,0.6450621534446138
152,-0.0021599534146396326,-0.0036036796429480284,0.004201417108834999,-2.110755718651263
153,0.00019896935580788615,0.0008451866539923566,0.0008682910137951451,1.3395914135568616
154,-0.002501089427316306,0.009145073748947252,0.009480918847723438,1.8377584878272135
155,-0.010002620316882916,0.003969969408489045,0.010761648122293245,2.763767640868878
156,-0.0035922551971643577,-7.455353005754293e-05,0.0035930287544630618,-3.1208416699709334
157,0.003002060878042003,-0.003351089954038112,0.004499130293237292,-0.8402809413680619
158,0.002999766582889159,-0.013481264338396963,0.013810977073094874,-1.3518495963069561
159,-0.0002120548592182696,-0.012894834154905296,0.012896577652456106,-1.5872397912084182
160,0.0011048917451625725,0.007623137630759257,0.007702792552446564,1.4268594182107455
161,-0.002269346107208671,0.0019052773414146838,0.0029631087563589957,2.4431843648349725
162,0.0006439203043871847,-0.014425213988733582,0.014439578663491435,-1.5261874132608388
163,-0.0021018489749283003,-0.014585494523534286,0.014736160273607768,-1.7139164894361432
164,-0.0018701553704587332,-0.008934885833418664,0.009128508419554707,-1.7771269744811988
165,0.0014568810719075,-0.00990798428403596,0.010014522206794786,-1.4248014012747199
166,0.004139674468271771,0.00015300598869673514,0.004142501120801083,0.03694405750426108
167,0.00220707803990218,-0.001606539346545926,0.002729864858599901,-0.6292085789149381
168,0.003950750998639171,-0.01171116622245074,0.012359605484930316,-1.245435976589057
169,0.007003662564927251,-0.008354404092110095,0.01090171349181537,-0.8731224116065575
170,0.0011900090474840624,0.004506961091613342,0.004661418219212953,1.3126496752716843
171,0.004593782502131268,0.004660117632295995,0.006543663654538141,0.7925663836097705
172,0.011762761594411931,0.0005961043788127167,0.01177785637361112,0.050633931252621105
173,0.005338972873979069,-0.004196617424978326,0.006790893104792331,-0.6661672578082557
174,0.005837199125821314,-0.0028600362339319765,0.0065002077577484335,-0.4555892202995809
175,0.011926892596082102,0.002287684569450516,0.012144310095175435,0.18950727372886025
176,0.005436148253269501,0.013811257895803541,0.014842592512627999,1.1958170088854938
177,0.0007191575244776059,0.009213452839569484,0.009241477196421778,1.4928991108500802
178,0.0017368285177393143,-0.0011101099214056941,0.002061290211890577,-0.568716480256076
179,-0.0028596339123501784,-0.0022766239107510425,0.0036552048565937525,-2.469219444106851
180,-0.005644010919154933,-0.0026989341919716873,0.00625612540060811,-2.695541234218848
181,0.002892184078396534,0.0037004742331403517,0.0046966198796012945,0.9073939070540694
182,0.005109826825453223,0.007613833412276353,0.009169557754658463,0.9797141776785587
183,-0.003079310043593398,0.0021434189794617385,0.003751852244704204,2.5335083500336957
184,-0.006333732193883964,-0.0022374138717208888,0.006717304841765873,-2.8020222255105316
185,-0.006939060477543954,0.0008058278114829354,0.006985693864804835,3.025981270530402
186,-0.01339471502629793,-0.0022954301888120712,0.013589973892080933,-2.971872884127
187,-0.00506818343881983,-0.0043640693363797955,0.006688167502556883,-2.43070591047073
188,0.004566439849829264,-0.007943721583609838,0.00916270077542738,-1.049075587764239
189,-0.001163035447925414,-0.00768630207685687,0.007773795152293717,-1.7209698823761723
190,-0.0004392249251168571,-0.002102219496202695,0.002147613872431127,-1.7767672348460801
191,-0.0026493162375706846,0.004907016198164843,0.005576529789726567,2.065855034290089
192,-0.007095070878440364,0.004309170918201776,0.008301143582204108,2.595788359982462
193,-0.005956777743881453,-0.011704225140591908,0.013132862872643767,-2.041572325922511
194,0.0023634218353702882,-0.012840109456457992,0.013055809956709963,-1.3887682361872975
195,0.007337065503379817,-0.010499613926722783,0.012809153867883592,-0.9608803265346119
196,0.007827694080966608,-0.005026271704569964,0.009302483640047978,-0.570811445292854
197,0.007927131547959466,0.003256351294539255,0.00856990305266645,0.38976956970231563
198,0.004584109312693883,0.004992870278966458,0.0067781127029073055,0.8280538897943954
199,0.0006377531707297203,-0.008288594637685923,0.008313093899063793,-1.4940041698892836
200,0.003533600170232644,-0.011959766826962197,0.012470860143485434,-1.2835123588506496
201,0.003917494084008962,-0.0061027252275884175,0.007251897344949756,-1.0001184390314304
202,0.0054338074972656615,0.0009496912401003332,0.0055161741604905674,0.1730269037481223
203,0.011812718496076137,0.0013820640010220704,0.011893293033069538,0.11646846193738705
204,0.003178176572423051,-0.0005103635240302697,0.003218893793240052,-0.15922439295294816
205,-0.0026401835348419576,0.0008309642425968261,0.002767863918281585,2.8366708316815568
206,0.0012104951627184613,-0.0024615914762450655,0.002743124338211295,-1.1137680018623226
207,0.0018180837887963356,0.004715833205948813,0.005054157841758951,1.2028280868492105
208,0.0020621348664740845,0.005358525987663094,0.00574162006475427,1.2034333840645586
209,0.005000385287236431,0.0012424617376730355,0.005152432841909933,0.2435411602385282
210,0.0015506637806432908,0.0022122238322398935,0.0027015722171596867,0.9594314003562935
211,-0.0019642703212914923,0.005164825383999481,0.005525737882157637,1.9342202114890945
212,-0.0037043257725470065,0.005065972979379137,0.006275835534568724,2.202167570821089
213,0.0011783838223408363,0.008058137810058718,0.00814384266784744,1.4255903011441808
214,-0.002667384168202668,0.000719719576344684,0.002762776605039215,2.8780465065388583
215,-0.002416677779934228,-0.00475025973373515,0.005329662187228508,-2.0414165886566082
216,-1.730914928662567e-05,-0.003065442873805214,0.0030654917418274346,-1.5764428079215624
217,-0.00045059998964362626,0.0017881119937119398,0.001844013246352456,1.8176542294201539
218,-0.0013132273504606964,0.00046080033530416977,0.0013917266337231807,2.804123831851469
219,0.0006725216678246651,-0.002065495215902705,0.002172223717900767,-1.2560234086648325
220,-0.004224945420933236,-0.0046252128084864385,0.006264403988700898,-2.310998144916546
221,-0.0041553874573337975,-0.00759301767333285,0.008655701144801157,-2.0715367617133023
222,-0.001136000919508551,-0.005726328121344519,0.005837921877040264,-1.7666357174612826
223,-0.0031386381229429297,-0.0008673169073640653,0.003256269012933404,-2.871985330780507
224,-0.0016969244340545107,-0.003693960805157436,0.004065082897670181,-2.001421599534362
225,-0.0006182982990834318,-0.009613563115394881,0.00963342558804138,-1.6350230741665825
226,0.0008439071262208649,-0.005535272358592948,0.005599233815575974,-1.419501471617339
227,-0.0012849345558005598,-0.0038046951394524577,0.004015813979365023,-1.8964927185863767
228,0.0041259222043038505,0.002007427489723674,0.004588354733721645,0.4528219980681211
229,0.0040042726247770145,0.0022512741676203878,0.004593738633328356,0.5121752189100786
230,0.0012982433129288893,-0.001920251163816854,0.0023179301610929868,-0.976305115841189
231,0.0027140387641213823,-0.005045853800689785,0.005729454336242594,-1.0773097478129128
232,0.005575026228440792,-0.00045749079862406733,0.005593765751140143,-0.08187728632292529
233,0.004064831493902454,0.001073549025829504,0.00420420772377873,0.2582108143291575
234,0.005918587375837576,0.00020840004060442138,0.005922255237858956,0.03519657057395295
235,0.007072815494789674,-0.0007574795308596103,0.007113261858177879,-0.10669064462757866
236,0.0025144675173887497,-0.0029716355055489857,0.003892706574331351,-0.8685380803894747
237,0.0023479894348486094,-0.0025631975148116557,0.003476066150995596,-0.8291901211962883
238,0.0024556343061097868,0.0025582225076734625,0.003546074201720882,0.8058562444294061
239,-7.931752231730527e-05,0.004857540204774302,0.004858187739306224,1.587123618115589
240,-0.001440493745469498,-0.002977030918151813,0.0033072247154326494,-2.021456268598626
241,-0.00013091174529286436,-0.002516516166343884,0.0025199189472135293,-1.622770499609784
242,-0.0012417993997048105,-0.0016389127834970092,0.0020562346318008413,-2.2192053823881204
243,-0.000982241903132737,0.002366787873586627,0.002562515169677348,1.9641754759874712
244,-0.00026263349460478244,0.003522234170789844,0.0035320121611296783,1.6452230582725234
245,-0.003146442525190135,0.00520845264933285,0.006085070218548613,2.1142273705853736
246,-0.0033823046534905785,-0.0035322286102896228,0.00489046252663003,-2.334515446472295
247,0.0004846545603841028,-0.004196833731471387,0.004224725246985554,-1.455824603177035
248,0.000523771863005906,0.0007017369723906729,0.0008756550364708158,0.9296074240067782
249,0.002511286251438584,0.004284417282551334,0.004966164524830909,1.0406272325444834
250,0.002872626669431196,0.0013564466529155227,0.0031767800528417277,0.44115912941593416
251,-0.0008779331278306656,0.0012627567010129758,0.0015379600329318412,2.1783280702862333
252,-0.003956283722510035,-0.0034165643963456004,0.005227340927027262,-2.4292677893619716
253,-0.0008290494704337739,-0.0041020518418314975,0.00418499131868869,-1.7702161064537953
254,0.0020393960641346427,-0.002230215564168067,0.0030220850036134592,-0.8300609149469487
255,0.0012092997923183247,-0.003304053340242469,0.003518405102154748,-1.2199349760528455
256,0.0032209469690585024,-0.004717867325638281,0.005712510085751486,-0.9717671836313224
257,0.0034849751438907894,-0.0023659115293921396,0.004212195284937212,-0.5964166024327352
258,-0.0019177035955508792,-0.0010162661020252095,0.002170341878717333,-2.654281626275083
259,-0.0027707719986188595,0.0005765751469918035,0.0028301265640354265,2.9364286875789714
260,-0.001571211795067029,0.0006880847256218736,0.0017152746411557202,2.728819244619955
261,-0.0017591465081510105,-0.0036783480641400246,0.0040773570996544516,-2.0168878403238186
262,-0.001149256919975361,-0.00771070065886198,0.007795876866567725,-1.7187541300962204
263,0.0018614326251975566,-0.0021754248253490482,0.0028631109983538548,-0.8630232174322904
264,0.0017138736429585244,0.004392432231872412,0.004714957452153686,1.1987772222953552
265,0.003059722344354504,0.0011106128727990383,0.0032550517319651245,0.3481896879801044
266,-5.624208465143665e-05,-0.00043804034918390466,0.0004416361846577978,-1.6984924439354399
267,0.00034814092390898776,-0.00048746543052305413,0.0005990197399545612,-0.9506129552546028
268,0.001278093290818405,-0.0038684511434656788,0.0040741179056841175,-1.2516981053973115
269,0.004686367577013767,-0.0017072420429580723,0.004987656409590534,-0.3493566962786676
270,0.002931212249805082,0.002557674272762933,0.0038902060278294733,0.7174494237672311
271,0.0023425111538171103,0.0003742239368543232,0.0023722145899290645,0.15841473151869967
272,0.0014144380793792433,-0.0030268955593114183,0.0033410674652537666,-1.1336574134519681
273,0.0004214900170045957,-0.0021608074298745776,0.0022015318720008826,-1.3781539462150054
274,-0.0005709153766813302,-0.0023792171143784888,0.002446756719554007,-1.8063028648821908
275,0.0026168141247620846,-0.00041881188510117795,0.0026501168952814814,-0.15870058003808085
276,0.0024394017133903823,0.0008443736125098578,0.0025814041754043246,0.3332316082514277
277,-0.0007512613907364463,-0.0011271384905137682,0.0013545607605452462,-2.1586980263606783
278,0.0001130545144968631,-0.0018148762552396489,0.001818394111594297,-1.5085834791275212
279,0.0005914467152944641,0.0011456024480675808,0.0012892688571632548,1.0942130920048208
280,-0.0007399976605587978,0.0031756911318478022,0.003260768422094594,1.799730520981444
281,0.00033499524283781956,0.0006647130781221233,0.0007443556199496029,1.1039780124239442
282,-0.00028966939874760546,0.0004995870923748813,0.0005774907994404651,2.096243638224325
283,-0.0014379434194726898,-0.0018321750662637915,0.00232906563905862,-2.2362177213085834
284,-0.0004853110980372749,-0.0020139623840450954,0.002071610809545739,-1.8072613653581626
285,0.002240205883641306,0.0007172778592806454,0.0023522350921018394,0.3098697545626406
286,0.0007277632892834125,0.0029197962650546576,0.003009127719897535,1.3265223580237642
287,0.0014223895813022212,-0.0010649972959791351,0.0017769106228057666,-0.6426930140383347
288,0.0005939132315126508,-0.000983342705159533,0.0011487801366476824,-1.0274600357318382
289,-0.0009647993410538333,-0.00017075061627529198,0.0009797926012459488,-2.9664260397994986
290,-0.0022643113181292363,0.0008751541934476081,0.0024275503306249065,2.772778923499232
291,0.0011155561010686849,0.00024316734735298218,0.001141751187190209,0.21462139991824503
292,-0.0014004914467946744,-0.002292577370807368,0.0026865009387087627,-2.1191780084967564
293,-0.002327128601883872,-0.004748882223335744,0.005288422250616929,-2.026441918400238
294,0.0018403422185902518,-0.0036198726827154576,0.004060829683770952,-1.1004515527367107
295,0.0010163953537279478,-0.0005372544728322959,0.0011496529405251256,-0.4862556514465628
296,-0.0008820668188843934,0.0007939484095554755,0.0011867585896097412,2.4087222646729685
297,-0.0007163160742635517,-0.0009919690203789334,0.0012235649781028742,-2.196211138835944
298,-0.0006821755822875785,-0.0020437091127436732,0.002154555745990558,-1.8929604300959844
299,-0.0011513470856521942,-0.00541896956128776,0.005539930614890683,-1.780149241268185
300,0.000695282619172297,-0.003133820889074976,0.003210023564605992,-1.3524685946787693
301,0.0032200977529930966,0.002145282631597391,0.00386927216776807,0.587690966020288
302,0.0018460362688549501,0.00032084448037070397,0.0018737105129961386,0.17208286326377736
303,-0.0005356333217278516,-0.0032686961385766794,0.0033122918805098237,-1.7332203372633006
304,-3.950092006283802e-05,-0.0012535134723761152,0.0012541356976476814,-1.6022980646681393
305,0.001652414805868094,-0.002656036736231984,0.003128099396577087,-1.0142595119283448
306,0.002967421684504934,-0.0030850648437690713,0.004280562643383458,-0.804832877832464
307,0.005480473602414583,0.00027558916982781123,0.0054873983177175555,0.050243327931537504
308,0.0028109696181012854,0.0006524302261522973,0.0028856914931928578,0.22806337251101608
309,0.0029307124457940764,-0.00022152628352337285,0.002939072869839054,-0.0754443942985974
310,0.0012409803759865223,0.0003330189061128766,0.0012848867208482882,0.2621746785984535
311,-0.0011712906498284586,0.004518468558737192,0.004667813182066324,1.824436379580398
312,0.0007205896644493391,0.0012092529613307824,0.0014076726142816297,1.0333995341285225
313,0.0006320519954995628,-0.0026483731665582714,0.002722750475963757,-1.3365218743439367
314,-0.0007835656293428122,-0.0009298347374185542,0.0012159637060363392,-2.2710332300640657
315,0.0013103771481688875,-0.001571027846502572,0.002045780233781169,-0.8756122105381573
316,0.003168755381477519,0.0015964113122671976,0.003548174142510118,0.46668106067927767
317,0.0010189396186519777,0.003708034484445463,0.0038454853639424205,1.302623149408815
318,-0.0021032223881661954,0.0025846529005652446,0.003332262749316723,2.2538563054938874
319,-0.0020423176188513695,-0.00039269192722892615,0.0020797279163346097,-2.9516333863469475
320,-0.0021970088983246693,-0.00047451972827212974,0.002247669253212588,-2.928875742952226
321,-0.003989109177879256,-0.0017432342957383077,0.004353373156861096,-2.7296033114362857
322,6.0004776399752435e-06,0.0006989480998114586,0.0006989738564223676,1.5622115259612939
323,0.001489805209315573,-0.0009140635305825971,0.001747864897423408,-0.5503200579453887
324,-0.0028334122175884408,-0.0015977518486132575,0.003252850406109467,-2.6281428186298554
325,-0.0005885877445310269,-0.0012406384954107216,0.0013731785788116198,-2.0137739801352095
326,-0.00029766389365674115,-0.0012370703926246947,0.0012723784617382943,-1.80692747002039
327,-0.0017202812836873502,-0.00037607784475849823,0.001760909492371256,-2.9263645959356084
328,0.0005050222213826786,-0.0034241716863082066,0.0034612135417227703,-1.4243645787713684
329,0.0014843491004005518,-0.0023510897288252066,0.0027804523309791357,-1.0076472124614124
330,0.0018359403131836226,-0.0033263058592162813,0.003799340403626574,-1.0664605012912867
331,-5.300824852189339e-05,-0.0024688335705383415,0.0024694025741924816,-1.592263997099483
332,0.001748796861495908,0.0008972715558487228,0.001965549975887951,0.47405625528207523
333,-0.00021470919315988435,-0.000469995995912827,0.0005167168216745595,-1.9993171693944076
334,-0.001201324015270149,-0.0049923433078824945,0.0051348486923592914,-1.8069400244108116
335,0.0008990237180294194,-0.0037722049698353678,0.0038778568797765206,-1.336832468406863
336,0.0034788697531250917,-0.003097872888883021,0.0046582562397194365,-0.7275319014114116
337,0.002253863594816989,-0.0010414435714675013,0.0024828422858877573,-0.4328461819450591
338,0.004174822096389343,0.00269495830467799,0.004969098489711546,0.5732239754436841
339,0.0016290833599618137,0.0021193840189896902,0.0026731444430956896,0.9154600868249053
340,-0.0014045063589183393,-0.0005099693957439956,0.0014942245135311984,-2.793299771561033
341,0.000574310089980162,-0.0025391464236593966,0.0026032857392601617,-1.3483567977191555
342,8.842588211750713e-05,0.0010414956300080994,0.0010452426914139257,1.4860966682784464
343,0.00409378680033101,0.0015120395774158024,0.004364098308956407,0.3538079439855752
344,0.002539858237401306,-0.0010206289179722928,0.002737254692990143,-0.3820957409342479
345,0.0005987700213766524,0.0017653984781944802,0.0018641773856880634,1.2438020940681223
346,-0.0002656557822622134,0.0006661427895766833,0.0007171605195173211,1.9502652518262333
347,0.00169763575287382,-0.00022512301231245382,0.001712497451124554,-0.13184049726926597
348,0.0015001420733143493,0.0019631828395019696,0.0024707312887974867,0.918308302291172
349,-0.00039806186786246756,0.0020743492983280095,0.002112197496002697,1.7603887530602738
350,-0.000922472118519208,0.0002737049868602893,0.000962220987755675,2.853158643280966
351,-0.0008386022375764593,-0.000636387355109097,0.0010527310096178398,-2.4924409340110985
352,-0.003507312156831143,-0.0010606972542003363,0.0036641939400806358,-2.8479130004725803
353,-0.0012204791838838075,0.00014657449459720522,0.0012292491695177633,3.022069231534763
354,0.0019568881719396122,-0.0010845626815620263,0.0022373393859033033,-0.5060836611744216
355,-0.002402679594796535,-0.0012783032736257138,0.002721567286438801,-2.652648749925018
356,-0.0012376615780681673,-0.0007411192812594152,0.0014425893285618947,-2.6020514961161014
357,-0.0006192272105824707,-0.0007565097897143554,0.000977624365622812,-2.2567353577966425
358,-0.001707466063910125,0.001305485664199392,0.0021493564569039876,2.488828689558549
359,-0.00146448585081644,-0.0019879599114431164,0.0024691503430829148,-2.2057165379997685
360,-0.0006548587818298972,-0.0023424184253041484,0.0024322343849522607,-1.8434018365512472
361,0.0009532687619288396,-0.0018785662791887241,0.002106592651125108,-1.101210600423773
362,0.0006800092729593119,-0.003659572796402938,0.0037222151554528755,-1.3870751261210996
363,0.0012291484945798617,0.0005146370831730042,0.0013325379353342096,0.3965172959876412
364,0.0023153765529541036,0.0010892029677604387,0.002558775427220563,0.4397060884167172
365,-0.0012346056094676532,-0.00334286256417516,0.0035635629830119073,-1.9245831573064565
366,0.00020362674629353927,-0.004632549055234775,0.0046370221695569555,-1.5268689439918435
367,0.0023616021639671914,-0.003128652760461814,0.003919902151380803,-0.9242109333439297
368,0.0031696578164678163,-0.001813671275554471,0.00365186721681757,-0.5197258130812251
369,0.004007865404810851,0.0006944565910309841,0.004067585900740882,0.17156991302673041
370,0.0015318756985981032,0.0017837468659817404,0.0023512541414860088,0.861217513785875
371,-0.0023094999914424624,0.0012345467526798989,0.002618758464430276,2.6506873845350074
372,-9.969751934942647e-05,-0.003083969447560125,0.003085580520558284,-1.6031127333789759
373,-0.0011565143752367557,-0.0017034134884344465,0.002058917922771492,-2.167247318092424
374,0.0019954978803474153,0.0012081898250930027,0.002332752546655836,0.544422952540864
375,0.0036409772037095944,-0.0011640118207350975,0.0038225173010391954,-0.30942864651685975
376,0.0019826223335760312,0.0009480091009901326,0.0021976152013386207,0.44602279902707265
377,2.7400560114743122e-05,0.0019353828012771968,0.001935576755950063,1.5566395772407735
378,-0.00015129468826946546,0.0013524822410315718,0.0013609181808633235,1.6821976426946759
379,0.0015473234424133453,0.0017164924078261756,0.0023109643055587827,0.8371834738901434
380,-0.001074911496688924,0.0005747343968194873,0.001218915236019914,2.6505869514514404
381,-0.0007631417909050864,-0.0007010841049970296,0.0010362935468800857,-2.3985517305172865
382,0.0015773557174273978,-0.0013825938622178124,0.0020975263638732334,-0.7196938319112943
383,0.0002627515524231683,-0.0008842257929986275,0.0009224389580372441,-1.281952248647774
384,-0.001259124405375029,0.0010854221072861062,0.0016623884681976208,2.4301471809671447
385,0.0017089275419013006,0.0014374538334477622,0.0022330935642651626,0.6993300707405941
386,-0.0016586628048653746,-0.0013489043995690182,0.002137920807565267,-2.4588256343730097
387,-0.0024392184532046144,-0.0023201847728195855,0.0033664586797520304,-2.381199488739039
388,-0.0002869777833444144,-0.0028628718421658287,0.002877219392538435,-1.6707038112027466
389,0.0013827893561065199,0.0010656893167431142,0.0017457949831471875,0.6566060236315012
390,0.0010687327383252982,-0.0006348785415945784,0.0012430850447759192,-0.5360315326268871
391,-0.0009384460977119417,0.00043271857860097476,0.0010334052673454009,2.709545450085851
392,-0.0009375053180055767,0.001147830012580819,0.0014820357482429433,2.25567548237158
393,-0.0025912882034740733,-0.0014215148975007912,0.002955584401988983,-2.639844456003831
394,-0.0017975621229947246,-0.0019970333372638788,0.0026868888581719577,-2.3036756415217283
395,0.0005153297608403943,-0.0002270917363230299,0.0005631477773320486,-0.4150702901821049
396,0.0014545407648268813,-0.00219171819642891,0.0026304595585373985,-0.9848828814359202
397,0.0014777600115453739,-0.003386954199285015,0.003695298824151706,-1.1593856310974626
398,0.0015497585873991832,-0.0009614608607244994,0.0018237759363262274,-0.5552802451035465
399,0.0006251816545541542,0.001390083011965467,0.0015241990950482993,1.1481552148802998
400,0.0019067924302918248,-0.00014486265693248838,0.0019122872591720481,-0.07582624783261666
401,6.333994707756485e-05,-0.0016512342849844385,0.0016524486717607474,-1.5324559723092932
402,-0.0014100540577430282,-0.0009073444535428018,0.0016767606874961212,-2.5698131379813383
403,0.0016264380832773815,-0.0036133924765530557,0.003962563063011771,-1.1478477075888065
404,0.001287011684907163,-0.0024213326246212293,0.0027421252261964086,-1.0822437878223734
405,0.001504318579512412,0.0014112737511900054,0.0020626846558463923,0.7534961515475521
406,0.0007369761273789011,0.00028603218339340536,0.0007905366672477634,0.37021970600438797
407,0.0009348593538423449,-0.0010697466748638414,0.0014206758813497089,-0.8525855762132263
408,-0.001164896195358582,-0.0014857821557953121,0.0018879967585884953,-2.235722661722379
409,0.00043985220944367173,-0.0010340743757811732,0.0011237347466371691,-1.1686221607507035
410,0.0035251961499746937,0.0007346060252335033,0.0036009240353145145,0.20544708801943987
411,0.002696909866034705,0.0015150172165052703,0.003093315372189313,0.511827464602808
412,-0.00133310863579479,0.00199530235465808,0.002399668752418701,2.159806913443065
413,0.00039136286300122465,0.0006764803658666804,0.0007815309180957803,1.0463146704337352
414,-0.0006665443245406702,-0.0008531221996735533,0.001082635129742805,-2.234030331428802
415,-0.0006010405362349494,-0.0004829310609813322,0.0007710201916021076,-2.4647262709201665
416,0.0015539263556420824,0.0002560726497830776,0.0015748842245466841,0.1633228828820726
417,0.0019377308049065498,0.0010435413548382328,0.0022008587486573054,0.49400051529285666
418,-0.0008210637602916564,-0.0010700751281689748,0.0013487796255838545,-2.2252749358568167
419,-0.0016636677651860638,-0.0013786621733480157,0.0021606711506242373,-2.449601920915531
420,0.00026008993142720286,0.0010923652452707235,0.0011229018663735382,1.3370505744198253
421,0.0013509898105695042,-2.0960645412820833e-06,0.0013509914365935807,-0.001551501604994283
422,-0.00018581611530218284,-0.0015451814774109385,0.0015563140514818483,-1.6904768274123791
423,-0.0004711843401213091,0.0009204052585444576,0.001034002186811925,2.0439434210408183
424,-0.0012200262803724752,-0.00015299985102646893,0.0012295824816634382,-3.016836928342385
425,-0.002003793654956343,-0.001129608773579589,0.0023002619400823206,-2.6282654684899716
426,-0.0004875708771599867,-0.000644631367870142,0.0008082542673544565,-2.2183529539116336
427,-0.0007328438104887945,-0.0006639524196812747,0.000988884657668606,-2.405475559160101
428,0.0010704466027400203,-0.002783453397707119,0.0029821919365669533,-1.2036576700101844
429,0.0009087486387834437,-0.00242662843018001,0.0025912062107537217,-1.2124726531105918
430,-0.00011384900432323715,0.0013103458391695647,0.0013152824084638186,1.6574633816769773
431,0.00042461490890211007,0.001210260233695807,0.001282586314494029,1.2333680705030567
432,0.00016425736682883565,-0.0006942160409465301,0.0007133837635277502,-1.338460661196559
433,-0.0015191512188974174,-0.001694289310633151,0.002275617870821739,-2.301746621567132
434,-0.0008191450446592054,-0.0029906049930225505,0.003100760685457867,-1.838145292782514
435,0.0024178761859478606,-0.002819448060862323,0.003714217632082709,-0.861923439614907
436,0.0022940497029182057,0.00018116641661365673,0.002301192149727558,0.07880875336628192
437,0.0012473837057283034,0.0003432265130896145,0.0012937428448513753,0.2685122820412947
438,0.00023961128800969664,0.0001418231766351693,0.00027843739470939644,0.5344338462225251
439,0.00040294869374025294,-0.0017712074315122464,0.0018164645372897277,-1.3471041614069912
440,-0.0018810822116585718,-0.002129390654117845,0.0028412628961190355,-2.294358421369892
441,0.002179428228608886,-0.0010197523965885594,0.002406200813316581,-0.43763867495759734
442,0.0029326950699268568,0.00013425636182793146,0.002935766534291268,0.04574723518634427
443,0.0015328651186111916,-8.693908161367184e-05,0.0015353285888586622,-0.05665602184317253
444,-3.2797403101171574e-05,-0.0006827082901665763,0.0006834956321091971,-1.6187995631698597
445,0.0006042551640646704,0.0007433315193735163,0.0009579488770247408,0.8882380905906487
446,0.00038906243108158267,0.0006047900714427163,0.0007191248888717433,0.9991444087780775
447,0.0009349365876617707,-0.0005802929212602448,0.0011003846134026887,-0.5554840473917522
448,0.0012455721493454253,0.0005759477219319381,0.001372284867519704,0.43311458536759473
449,0.0006491651721031444,0.00016925777952922494,0.0006708678085903876,0.25505307551111694
450,-7.441694599155061e-06,-0.0011431457387808923,0.0011431699606407697,-1.577306073739656
451,0.0001868430029943538,0.0012129159471268545,0.0012272226377322832,1.4179532663081311
452,0.0008039274050367865,0.002434607178163444,0.002563905494462335,1.2518609684440187
453,-0.000580070891272249,0.0002853028055126352,0.0006464363307664273,2.684493303190781
454,-0.0003672419249954608,-0.00046889738974244775,0.0005955933122371779,-2.2352110588211413
455,-0.002186041909366821,-0.0005544478052528709,0.002255258654402608,-2.8931995909255996
456,-0.000782576125257567,-0.000481093020177098,0.0009186271745851355,-2.590394070477335
457,0.0009433420378745366,-0.0007003147446958506,0.001174876564605703,-0.6386040411887524
458,0.0007142918379371699,0.0006491936992701966,0.0009652281020130851,0.737690475198161
459,-0.0007284039063225473,-0.00036755531683304796,0.0008158855077020235,-2.674268859172375
460,-0.000507966169963384,-0.0010031413877767403,0.0011244208614650984,-2.03953127681853
461,-0.0014555806151324013,-0.0002572874835855138,0.0014781447075164818,-2.9666404275343794
462,-0.0011867940049953146,-0.0009062246333192345,0.0014932257352213696,-2.4894502095029853
463,0.0001520095633565921,-0.002020843160943586,0.002026552241735783,-1.4957168566837693
464,0.0008976783547056805,-0.0015247264903637606,0.001769355051685243,-1.0386920814457021
465,-0.0002761512552400258,-0.002028764404042871,0.002047472716028731,-1.7060828333421214
466,-9.265380748096214e-05,-0.0018340751594957128,0.0018364140107067209,-1.6212714165754947
467,0.0005585894945658865,0.0001975298504772599,0.0005924865106219223,0.33989839747630424
468,0.0002625470573198174,-0.0004045831029385466,0.0004823053436265019,-0.9951720284146279
469,0.0007079610396224859,-0.002225667281376631,0.0023355521148143523,-1.2628275232138686
470,0.0008836412281169603,-0.0021353791224173885,0.0023109880606537337,-1.1784417588807081
471,0.00016683328638412293,-0.0008150445125706812,0.0008319440503527303,-1.3688930964861645
472,0.0014628007983114935,-0.0004377956368685487,0.001526909033047444,-0.290801517770684
473,0.0024789349719369497,0.0005052126246536809,0.0025298929604237225,0.20104892052567314
474,0.0007227892606424813,0.0005263033647491255,0.0008941026490545455,0.6293737770409961
475,-7.432120061322267e-05,-0.001319023712328296,0.0013211158898994858,-1.6270824246545779
476,0.0007885263106676144,-0.0010350063016867361,0.0013011578640373866,-0.9197501222518859
477,0.000858866691725862,-0.00011597976890993095,0.0008666621607942323,-0.13422619465248034
478,0.0010780374730928813,0.00027584430111925184,0.0011127690110047338,0.2505016591606238
479,0.0027933371847361776,0.0003767570741547155,0.0028186306108739147,0.13406797489121208
480,0.000882283706711875,-0.0003201970307145502,0.0009385897280535625,-0.34813678313671603
481,-0.0012130482983861435,-0.0010401287850222707,0.001597921795223228,-2.4327891017194347
482,0.0010650166295881752,0.0003597817346394083,0.0011241455946093006,0.3257812647792759
483,0.0018924692228669028,0.0013055789743715296,0.0022991250983405566,0.6039025042974387
484,0.000312846605344419,0.0008833850043048486,0.0009371457006817052,1.2304334158153665
485,-0.000467272308653505,8.554159570514641e-05,0.0004750376564338444,2.9605316905243813
486,-0.0014122296023516001,0.0005901256739024863,0.0015305687703455284,2.7457782803619564
487,-0.0017932754443543836,-0.0007860225333541238,0.001957975546901658,-2.728496944622434
488,0.000359933677251012,-0.0010869431400863244,0.001144988053125514,-1.2510183121303045
489,0.0012431927312251227,0.001091537729917852,0.0016543829009045027,0.7205331823067092
490,0.0006203116860111768,0.0007415592256356449,0.0009667971208725056,0.8741941739875174
491,-0.0015005229543315762,-0.0007202038033183797,0.00166441060282318,-2.6940982521675094
492,-0.0013773314911900147,0.0011162954579646556,0.0017728952552523315,2.4604958820000857
493,-0.0015482251549387982,3.876529890511904e-05,0.0015487103921600282,3.1165593431546776
494,4.777936595412591e-05,-0.001813727142945365,0.0018143563643528617,-1.5444592240200583
495,0.0010450530040229111,-0.0015427767874471865,0.0018634097770225348,-0.9754103779206854
496,-0.0001806061916201085,-0.0010274977552261477,0.0010432498422939215,-1.7447917632676053
497,-0.0004900774983152001,-0.0010270428953987887,0.001137977619878358,-2.0160164270113956
498,9.583045755409692e-05,-0.00031786436326175505,0.0003319958283274483,-1.2779802422585722
499,-0.0013191754092758412,0.00011130843611151242,0.0013238630323366817,3.0574147621667014
500,-0.00013722206788224778,-0.0028570878034033242,0.0028603812005167967,-1.6187880969903403
501,0.0006937725918654825,-0.004351963917012647,0.004406916194370368,-1.412710558911044
502,0.00019754713379405153,-0.001819460386732974,0.0018301532637898794,-1.4626454032755396
503,0.0019541893821717338,-0.0006004928321621805,0.002044369776452122,-0.2981266900264654
504,0.0026966429743777165,0.00013881830545137142,0.002700213668062046,0.051432791933326054
505,0.0004854942649678007,0.00139359975790887,0.0014757455629478564,1.2355705740837681
506,-0.0011847733695682372,-0.0010937585112840154,0.0016124501909343743,-2.3961177840659516
507,-0.000119566397501214,-0.002315483502424165,0.002318568518161561,-1.6223882703832844
508,0.001106404380884607,-0.0013905147004287244,0.001776981087729702,-0.8986952442335462
509,0.0013572940916795062,-0.0003589936843955144,0.00140396713520793,-0.2585711802023216
510,0.0038876293497374093,0.0006205726969896741,0.003936848032778094,0.15829207492699673
511,0.0024287729328094088,0.0005838823545190053,0.002497970488830137,0.23592524029159193
